"data","serie","codigo","valor"
2010-01-01,"base_monetaria",1788,155650325
2010-02-01,"base_monetaria",1788,154334418
2010-03-01,"base_monetaria",1788,156710266
2010-04-01,"base_monetaria",1788,154627326
2010-05-01,"base_monetaria",1788,158687309
2010-06-01,"base_monetaria",1788,159627969
2010-07-01,"base_monetaria",1788,162528341
2010-08-01,"base_monetaria",1788,173242650
2010-09-01,"base_monetaria",1788,176001728
2010-10-01,"base_monetaria",1788,177434730
2010-11-01,"base_monetaria",1788,178485518
2010-12-01,"base_monetaria",1788,206853322
2011-01-01,"base_monetaria",1788,193547227
2011-02-01,"base_monetaria",1788,185606930
2011-03-01,"base_monetaria",1788,179918782
2011-04-01,"base_monetaria",1788,172725439
2011-05-01,"base_monetaria",1788,178297658
2011-06-01,"base_monetaria",1788,190510862
2011-07-01,"base_monetaria",1788,182099198
2011-08-01,"base_monetaria",1788,179285432
2011-09-01,"base_monetaria",1788,188504749
2011-10-01,"base_monetaria",1788,188069133
2011-11-01,"base_monetaria",1788,182670915
2011-12-01,"base_monetaria",1788,214235311
2012-01-01,"base_monetaria",1788,212136241
2012-02-01,"base_monetaria",1788,191488769
2012-03-01,"base_monetaria",1788,201956126
2012-04-01,"base_monetaria",1788,193183934
2012-05-01,"base_monetaria",1788,191663053
2012-06-01,"base_monetaria",1788,198858463
2012-07-01,"base_monetaria",1788,203627550
2012-08-01,"base_monetaria",1788,203575297
2012-09-01,"base_monetaria",1788,202200005
2012-10-01,"base_monetaria",1788,204756960
2012-11-01,"base_monetaria",1788,209024611
2012-12-01,"base_monetaria",1788,233371452
2013-01-01,"base_monetaria",1788,216463907
2013-02-01,"base_monetaria",1788,205022593
2013-03-01,"base_monetaria",1788,207717486
2013-04-01,"base_monetaria",1788,209621828
2013-05-01,"base_monetaria",1788,201046331
2013-06-01,"base_monetaria",1788,214567507
2013-07-01,"base_monetaria",1788,210471469
2013-08-01,"base_monetaria",1788,209608119
2013-09-01,"base_monetaria",1788,229574843
2013-10-01,"base_monetaria",1788,211135082
2013-11-01,"base_monetaria",1788,215546803
2013-12-01,"base_monetaria",1788,249509778
2014-01-01,"base_monetaria",1788,222947119
2014-02-01,"base_monetaria",1788,224671134
2014-03-01,"base_monetaria",1788,228014047
2014-04-01,"base_monetaria",1788,222462991
2014-05-01,"base_monetaria",1788,214771855
2014-06-01,"base_monetaria",1788,222858595
2014-07-01,"base_monetaria",1788,223594688
2014-08-01,"base_monetaria",1788,231344899
2014-09-01,"base_monetaria",1788,238409382
2014-10-01,"base_monetaria",1788,231028326
2014-11-01,"base_monetaria",1788,241625564
2014-12-01,"base_monetaria",1788,263528517
2015-01-01,"base_monetaria",1788,238524692
2015-02-01,"base_monetaria",1788,238815587
2015-03-01,"base_monetaria",1788,240656354
2015-04-01,"base_monetaria",1788,235020109
2015-05-01,"base_monetaria",1788,239513461
2015-06-01,"base_monetaria",1788,231958724
2015-07-01,"base_monetaria",1788,225062844
2015-08-01,"base_monetaria",1788,231716459
2015-09-01,"base_monetaria",1788,228447456
2015-10-01,"base_monetaria",1788,239621335
2015-11-01,"base_monetaria",1788,242846854
2015-12-01,"base_monetaria",1788,255288922
2016-01-01,"base_monetaria",1788,240328748
2016-02-01,"base_monetaria",1788,252559892
2016-03-01,"base_monetaria",1788,242529929
2016-04-01,"base_monetaria",1788,242142585
2016-05-01,"base_monetaria",1788,239965619
2016-06-01,"base_monetaria",1788,234678114
2016-07-01,"base_monetaria",1788,240845334
2016-08-01,"base_monetaria",1788,235768695
2016-09-01,"base_monetaria",1788,247035954
2016-10-01,"base_monetaria",1788,247845546
2016-11-01,"base_monetaria",1788,244919983
2016-12-01,"base_monetaria",1788,270287146
2017-01-01,"base_monetaria",1788,262392204
2017-02-01,"base_monetaria",1788,266324996
2017-03-01,"base_monetaria",1788,243610350
2017-04-01,"base_monetaria",1788,263654534
2017-05-01,"base_monetaria",1788,237651513
2017-06-01,"base_monetaria",1788,260238970
2017-07-01,"base_monetaria",1788,255860258
2017-08-01,"base_monetaria",1788,252160311
2017-09-01,"base_monetaria",1788,262770311
2017-10-01,"base_monetaria",1788,254453340
2017-11-01,"base_monetaria",1788,264219805
2017-12-01,"base_monetaria",1788,296755456
2018-01-01,"base_monetaria",1788,272396111
2018-02-01,"base_monetaria",1788,264517034
2018-03-01,"base_monetaria",1788,275056180
2018-04-01,"base_monetaria",1788,263342859
2018-05-01,"base_monetaria",1788,269552906
2018-06-01,"base_monetaria",1788,269827763
2018-07-01,"base_monetaria",1788,275338550
2018-08-01,"base_monetaria",1788,277677286
2018-09-01,"base_monetaria",1788,279406906
2018-10-01,"base_monetaria",1788,286975496
2018-11-01,"base_monetaria",1788,279258830
2018-12-01,"base_monetaria",1788,302049461
2019-01-01,"base_monetaria",1788,279105602
2019-02-01,"base_monetaria",1788,290147814
2019-03-01,"base_monetaria",1788,286741568
2019-04-01,"base_monetaria",1788,279604663
2019-05-01,"base_monetaria",1788,277875947
2019-06-01,"base_monetaria",1788,276039957
2019-07-01,"base_monetaria",1788,271344687
2019-08-01,"base_monetaria",1788,282617300
2019-09-01,"base_monetaria",1788,281136562
2019-10-01,"base_monetaria",1788,292347495
2019-11-01,"base_monetaria",1788,296782893
2019-12-01,"base_monetaria",1788,316586707
2020-01-01,"base_monetaria",1788,317959396
2020-02-01,"base_monetaria",1788,303197485
2020-03-01,"base_monetaria",1788,307560246
2020-04-01,"base_monetaria",1788,336684294
2020-05-01,"base_monetaria",1788,368062869
2020-06-01,"base_monetaria",1788,381679997
2020-07-01,"base_monetaria",1788,423674702
2020-08-01,"base_monetaria",1788,402707438
2020-09-01,"base_monetaria",1788,408736990
2020-10-01,"base_monetaria",1788,427820406
2020-11-01,"base_monetaria",1788,417679545
2020-12-01,"base_monetaria",1788,431536653
2021-01-01,"base_monetaria",1788,433590499
2021-02-01,"base_monetaria",1788,411411002
2021-03-01,"base_monetaria",1788,405630283
2021-04-01,"base_monetaria",1788,420148020
2021-05-01,"base_monetaria",1788,403527996
2021-06-01,"base_monetaria",1788,422212123
2021-07-01,"base_monetaria",1788,427958210
2021-08-01,"base_monetaria",1788,406329194
2021-09-01,"base_monetaria",1788,403676335
2021-10-01,"base_monetaria",1788,396208882
2021-11-01,"base_monetaria",1788,413271664
2021-12-01,"base_monetaria",1788,409183519
2022-01-01,"base_monetaria",1788,417976196
2022-02-01,"base_monetaria",1788,402172008
2022-03-01,"base_monetaria",1788,385897343
2022-04-01,"base_monetaria",1788,396510494
2022-05-01,"base_monetaria",1788,398190743
2022-06-01,"base_monetaria",1788,407168900
2022-07-01,"base_monetaria",1788,389598010
2022-08-01,"base_monetaria",1788,395354595
2022-09-01,"base_monetaria",1788,393440715
2022-10-01,"base_monetaria",1788,398583288
2022-11-01,"base_monetaria",1788,391532638
2022-12-01,"base_monetaria",1788,419659918
2023-01-01,"base_monetaria",1788,413489780
2023-02-01,"base_monetaria",1788,403569746
2023-03-01,"base_monetaria",1788,413314387
2023-04-01,"base_monetaria",1788,410350182
2023-05-01,"base_monetaria",1788,396348679
2023-06-01,"base_monetaria",1788,403118875
2023-07-01,"base_monetaria",1788,394874228
2023-08-01,"base_monetaria",1788,399782374
2023-09-01,"base_monetaria",1788,404466849
2023-10-01,"base_monetaria",1788,397427080
2023-11-01,"base_monetaria",1788,405550140
2023-12-01,"base_monetaria",1788,422718628
2024-01-01,"base_monetaria",1788,404748204
2024-02-01,"base_monetaria",1788,414700663
2024-03-01,"base_monetaria",1788,417795886
2024-04-01,"base_monetaria",1788,406260051
2024-05-01,"base_monetaria",1788,436589996
2024-06-01,"base_monetaria",1788,436902447
2024-07-01,"base_monetaria",1788,432838785
2024-08-01,"base_monetaria",1788,434608930
2024-09-01,"base_monetaria",1788,429858545
2024-10-01,"base_monetaria",1788,437743879
2024-11-01,"base_monetaria",1788,436902962
2024-12-01,"base_monetaria",1788,451213588
2025-01-01,"base_monetaria",1788,439878595
2025-02-01,"base_monetaria",1788,440922743
2025-03-01,"base_monetaria",1788,443277392
2025-04-01,"base_monetaria",1788,435064403
2025-05-01,"base_monetaria",1788,452083273
2025-06-01,"base_monetaria",1788,451010163
2025-07-01,"base_monetaria",1788,443670744
2025-08-01,"base_monetaria",1788,438857418
2025-09-01,"base_monetaria",1788,429700158
2025-10-01,"base_monetaria",1788,431878281
2025-11-01,"base_monetaria",1788,430543036
2025-12-01,"base_monetaria",1788,447096654
2026-01-01,"base_monetaria",1788,450381594
2026-02-01,"base_monetaria",1788,449226409
2026-03-01,"base_monetaria",1788,438897105
2026-04-01,"base_monetaria",1788,437887656
2026-05-01,"base_monetaria",1788,427807336
2026-06-01,"base_monetaria",1788,431100998
2026-07-01,"base_monetaria",1788,432551687
2010-01-01,"papel_moeda_publico",27789,96458008
2010-02-01,"papel_moeda_publico",27789,95549619
2010-03-01,"papel_moeda_publico",27789,94575451
2010-04-01,"papel_moeda_publico",27789,95104206
2010-05-01,"papel_moeda_publico",27789,95036580
2010-06-01,"papel_moeda_publico",27789,95800804
2010-07-01,"papel_moeda_publico",27789,98736209
2010-08-01,"papel_moeda_publico",27789,100075605
2010-09-01,"papel_moeda_publico",27789,103808803
2010-10-01,"papel_moeda_publico",27789,104813221
2010-11-01,"papel_moeda_publico",27789,107519070
2010-12-01,"papel_moeda_publico",27789,121706380
2011-01-01,"papel_moeda_publico",27789,109180112
2011-02-01,"papel_moeda_publico",27789,106944772
2011-03-01,"papel_moeda_publico",27789,105471446
2011-04-01,"papel_moeda_publico",27789,105758926
2011-05-01,"papel_moeda_publico",27789,104751911
2011-06-01,"papel_moeda_publico",27789,106135493
2011-07-01,"papel_moeda_publico",27789,108442845
2011-08-01,"papel_moeda_publico",27789,108222859
2011-09-01,"papel_moeda_publico",27789,112364900
2011-10-01,"papel_moeda_publico",27789,112413134
2011-11-01,"papel_moeda_publico",27789,116232959
2011-12-01,"papel_moeda_publico",27789,131375615
2012-01-01,"papel_moeda_publico",27789,118163021
2012-02-01,"papel_moeda_publico",27789,116524975
2012-03-01,"papel_moeda_publico",27789,116998568
2012-04-01,"papel_moeda_publico",27789,116360833
2012-05-01,"papel_moeda_publico",27789,117391087
2012-06-01,"papel_moeda_publico",27789,120691223
2012-07-01,"papel_moeda_publico",27789,121307638
2012-08-01,"papel_moeda_publico",27789,125020953
2012-09-01,"papel_moeda_publico",27789,128434260
2012-10-01,"papel_moeda_publico",27789,126915309
2012-11-01,"papel_moeda_publico",27789,133496640
2012-12-01,"papel_moeda_publico",27789,149638726
2013-01-01,"papel_moeda_publico",27789,133237620
2013-02-01,"papel_moeda_publico",27789,131237482
2013-03-01,"papel_moeda_publico",27789,133353634
2013-04-01,"papel_moeda_publico",27789,130626544
2013-05-01,"papel_moeda_publico",27789,133657251
2013-06-01,"papel_moeda_publico",27789,134955444
2013-07-01,"papel_moeda_publico",27789,135350614
2013-08-01,"papel_moeda_publico",27789,138957075
2013-09-01,"papel_moeda_publico",27789,140713932
2013-10-01,"papel_moeda_publico",27789,140822497
2013-11-01,"papel_moeda_publico",27789,147994979
2013-12-01,"papel_moeda_publico",27789,163879089
2014-01-01,"papel_moeda_publico",27789,149973789
2014-02-01,"papel_moeda_publico",27789,151218362
2014-03-01,"papel_moeda_publico",27789,146575525
2014-04-01,"papel_moeda_publico",27789,145412910
2014-05-01,"papel_moeda_publico",27789,146283564
2014-06-01,"papel_moeda_publico",27789,147571632
2014-07-01,"papel_moeda_publico",27789,148429400
2014-08-01,"papel_moeda_publico",27789,151792352
2014-09-01,"papel_moeda_publico",27789,155524579
2014-10-01,"papel_moeda_publico",27789,157290347
2014-11-01,"papel_moeda_publico",27789,162762344
2014-12-01,"papel_moeda_publico",27789,178251606
2015-01-01,"papel_moeda_publico",27789,162568095
2015-02-01,"papel_moeda_publico",27789,161992735
2015-03-01,"papel_moeda_publico",27789,161628667
2015-04-01,"papel_moeda_publico",27789,160208092
2015-05-01,"papel_moeda_publico",27789,159713114
2015-06-01,"papel_moeda_publico",27789,158752497
2015-07-01,"papel_moeda_publico",27789,160948154
2015-08-01,"papel_moeda_publico",27789,158744305
2015-09-01,"papel_moeda_publico",27789,159475550
2015-10-01,"papel_moeda_publico",27789,165411401
2015-11-01,"papel_moeda_publico",27789,168742696
2015-12-01,"papel_moeda_publico",27789,185280417
2016-01-01,"papel_moeda_publico",27789,171047425
2016-02-01,"papel_moeda_publico",27789,167812051
2016-03-01,"papel_moeda_publico",27789,165467548
2016-04-01,"papel_moeda_publico",27789,166404931
2016-05-01,"papel_moeda_publico",27789,164768800
2016-06-01,"papel_moeda_publico",27789,165291611
2016-07-01,"papel_moeda_publico",27789,166709749
2016-08-01,"papel_moeda_publico",27789,165551959
2016-09-01,"papel_moeda_publico",27789,171980674
2016-10-01,"papel_moeda_publico",27789,168861921
2016-11-01,"papel_moeda_publico",27789,173840340
2016-12-01,"papel_moeda_publico",27789,191973469
2017-01-01,"papel_moeda_publico",27789,174445554
2017-02-01,"papel_moeda_publico",27789,176310064
2017-03-01,"papel_moeda_publico",27789,172723627
2017-04-01,"papel_moeda_publico",27789,172972070
2017-05-01,"papel_moeda_publico",27789,171805084
2017-06-01,"papel_moeda_publico",27789,176529399
2017-07-01,"papel_moeda_publico",27789,176190151
2017-08-01,"papel_moeda_publico",27789,175511748
2017-09-01,"papel_moeda_publico",27789,178674701
2017-10-01,"papel_moeda_publico",27789,177180596
2017-11-01,"papel_moeda_publico",27789,183392581
2017-12-01,"papel_moeda_publico",27789,203909637
2018-01-01,"papel_moeda_publico",27789,186287413
2018-02-01,"papel_moeda_publico",27789,184131049
2018-03-01,"papel_moeda_publico",27789,185031942
2018-04-01,"papel_moeda_publico",27789,183399668
2018-05-01,"papel_moeda_publico",27789,184227154
2018-06-01,"papel_moeda_publico",27789,187373801
2018-07-01,"papel_moeda_publico",27789,186413087
2018-08-01,"papel_moeda_publico",27789,191594630
2018-09-01,"papel_moeda_publico",27789,195138475
2018-10-01,"papel_moeda_publico",27789,192513618
2018-11-01,"papel_moeda_publico",27789,199870050
2018-12-01,"papel_moeda_publico",27789,218156668
2019-01-01,"papel_moeda_publico",27789,199849865
2019-02-01,"papel_moeda_publico",27789,198300738
2019-03-01,"papel_moeda_publico",27789,197339506
2019-04-01,"papel_moeda_publico",27789,194784239
2019-05-01,"papel_moeda_publico",27789,195382098
2019-06-01,"papel_moeda_publico",27789,196040586
2019-07-01,"papel_moeda_publico",27789,195600058
2019-08-01,"papel_moeda_publico",27789,197966794
2019-09-01,"papel_moeda_publico",27789,201707888
2019-10-01,"papel_moeda_publico",27789,201432938
2019-11-01,"papel_moeda_publico",27789,211615347
2019-12-01,"papel_moeda_publico",27789,228309144
2020-01-01,"papel_moeda_publico",27789,212568631
2020-02-01,"papel_moeda_publico",27789,210226771
2020-03-01,"papel_moeda_publico",27789,214205638
2020-04-01,"papel_moeda_publico",27789,237659783
2020-05-01,"papel_moeda_publico",27789,256972280
2020-06-01,"papel_moeda_publico",27789,270241798
2020-07-01,"papel_moeda_publico",27789,279811158
2020-08-01,"papel_moeda_publico",27789,286098526
2020-09-01,"papel_moeda_publico",27789,287734762
2020-10-01,"papel_moeda_publico",27789,292631994
2020-11-01,"papel_moeda_publico",27789,297459982
2020-12-01,"papel_moeda_publico",27789,308889418
2021-01-01,"papel_moeda_publico",27789,292285678
2021-02-01,"papel_moeda_publico",27789,285085392
2021-03-01,"papel_moeda_publico",27789,280168637
2021-04-01,"papel_moeda_publico",27789,279333836
2021-05-01,"papel_moeda_publico",27789,278817574
2021-06-01,"papel_moeda_publico",27789,282029985
2021-07-01,"papel_moeda_publico",27789,284730060
2021-08-01,"papel_moeda_publico",27789,279483687
2021-09-01,"papel_moeda_publico",27789,276577198
2021-10-01,"papel_moeda_publico",27789,275959703
2021-11-01,"papel_moeda_publico",27789,273889482
2021-12-01,"papel_moeda_publico",27789,285944955
2022-01-01,"papel_moeda_publico",27789,271952413
2022-02-01,"papel_moeda_publico",27789,271609463
2022-03-01,"papel_moeda_publico",27789,267160888
2022-04-01,"papel_moeda_publico",27789,268524090
2022-05-01,"papel_moeda_publico",27789,270974095
2022-06-01,"papel_moeda_publico",27789,272471208
2022-07-01,"papel_moeda_publico",27789,269982482
2022-08-01,"papel_moeda_publico",27789,266726045
2022-09-01,"papel_moeda_publico",27789,270827747
2022-10-01,"papel_moeda_publico",27789,271001146
2022-11-01,"papel_moeda_publico",27789,275121329
2022-12-01,"papel_moeda_publico",27789,293148361
2023-01-01,"papel_moeda_publico",27789,283056331
2023-02-01,"papel_moeda_publico",27789,280329747
2023-03-01,"papel_moeda_publico",27789,276863077
2023-04-01,"papel_moeda_publico",27789,274869426
2023-05-01,"papel_moeda_publico",27789,273946000
2023-06-01,"papel_moeda_publico",27789,282076680
2023-07-01,"papel_moeda_publico",27789,283868470
2023-08-01,"papel_moeda_publico",27789,278671987
2023-09-01,"papel_moeda_publico",27789,277683197
2023-10-01,"papel_moeda_publico",27789,276760302
2023-11-01,"papel_moeda_publico",27789,278926524
2023-12-01,"papel_moeda_publico",27789,291881248
2024-01-01,"papel_moeda_publico",27789,280942213
2024-02-01,"papel_moeda_publico",27789,279635356
2024-03-01,"papel_moeda_publico",27789,280122167
2024-04-01,"papel_moeda_publico",27789,282362244
2024-05-01,"papel_moeda_publico",27789,291720962
2024-06-01,"papel_moeda_publico",27789,289922741
2024-07-01,"papel_moeda_publico",27789,296542441
2024-08-01,"papel_moeda_publico",27789,296780576
2024-09-01,"papel_moeda_publico",27789,299765146
2024-10-01,"papel_moeda_publico",27789,296162396
2024-11-01,"papel_moeda_publico",27789,297585270
2024-12-01,"papel_moeda_publico",27789,307989416
2025-01-01,"papel_moeda_publico",27789,302888147
2025-02-01,"papel_moeda_publico",27789,301178022
2025-03-01,"papel_moeda_publico",27789,297619722
2025-04-01,"papel_moeda_publico",27789,299767235
2025-05-01,"papel_moeda_publico",27789,305423442
2025-06-01,"papel_moeda_publico",27789,309113102
2025-07-01,"papel_moeda_publico",27789,310724057
2025-08-01,"papel_moeda_publico",27789,311344922
2025-09-01,"papel_moeda_publico",27789,309011701
2025-10-01,"papel_moeda_publico",27789,309532024
2025-11-01,"papel_moeda_publico",27789,311602969
2025-12-01,"papel_moeda_publico",27789,325030407
2026-01-01,"papel_moeda_publico",27789,318940762
2026-02-01,"papel_moeda_publico",27789,318221440
2026-03-01,"papel_moeda_publico",27789,319910234
2026-04-01,"papel_moeda_publico",27789,324491621
2026-05-01,"papel_moeda_publico",27789,330792949
2026-06-01,"papel_moeda_publico",27789,335949338
2026-07-01,"papel_moeda_publico",27789,335642824
2010-01-01,"depositos_vista",27790,135496822
2010-02-01,"depositos_vista",27790,133990063
2010-03-01,"depositos_vista",27790,139746208
2010-04-01,"depositos_vista",27790,138583896
2010-05-01,"depositos_vista",27790,141194428
2010-06-01,"depositos_vista",27790,144262764
2010-07-01,"depositos_vista",27790,142448893
2010-08-01,"depositos_vista",27790,148020454
2010-09-01,"depositos_vista",27790,150821245
2010-10-01,"depositos_vista",27790,150789085
2010-11-01,"depositos_vista",27790,157534763
2010-12-01,"depositos_vista",27790,166032777
2011-01-01,"depositos_vista",27790,154131680
2011-02-01,"depositos_vista",27790,153399980
2011-03-01,"depositos_vista",27790,152946557
2011-04-01,"depositos_vista",27790,149122567
2011-05-01,"depositos_vista",27790,151393660
2011-06-01,"depositos_vista",27790,154364464
2011-07-01,"depositos_vista",27790,150832033
2011-08-01,"depositos_vista",27790,146827417
2011-09-01,"depositos_vista",27790,150158812
2011-10-01,"depositos_vista",27790,147891957
2011-11-01,"depositos_vista",27790,152457744
2011-12-01,"depositos_vista",27790,160792831
2012-01-01,"depositos_vista",27790,148461917
2012-02-01,"depositos_vista",27790,147175679
2012-03-01,"depositos_vista",27790,148173897
2012-04-01,"depositos_vista",27790,150133418
2012-05-01,"depositos_vista",27790,149788445
2012-06-01,"depositos_vista",27790,152913772
2012-07-01,"depositos_vista",27790,152516010
2012-08-01,"depositos_vista",27790,150475668
2012-09-01,"depositos_vista",27790,155189755
2012-10-01,"depositos_vista",27790,154978708
2012-11-01,"depositos_vista",27790,163382994
2012-12-01,"depositos_vista",27790,183846901
2013-01-01,"depositos_vista",27790,162718149
2013-02-01,"depositos_vista",27790,164228182
2013-03-01,"depositos_vista",27790,169180350
2013-04-01,"depositos_vista",27790,166393966
2013-05-01,"depositos_vista",27790,169194913
2013-06-01,"depositos_vista",27790,175804388
2013-07-01,"depositos_vista",27790,169590819
2013-08-01,"depositos_vista",27790,169254733
2013-09-01,"depositos_vista",27790,171086110
2013-10-01,"depositos_vista",27790,167540939
2013-11-01,"depositos_vista",27790,177403957
2013-12-01,"depositos_vista",27790,190771859
2014-01-01,"depositos_vista",27790,173300906
2014-02-01,"depositos_vista",27790,175170967
2014-03-01,"depositos_vista",27790,174460885
2014-04-01,"depositos_vista",27790,174919967
2014-05-01,"depositos_vista",27790,168512887
2014-06-01,"depositos_vista",27790,169699057
2014-07-01,"depositos_vista",27790,165291106
2014-08-01,"depositos_vista",27790,166100565
2014-09-01,"depositos_vista",27790,170413242
2014-10-01,"depositos_vista",27790,167492124
2014-11-01,"depositos_vista",27790,175547059
2014-12-01,"depositos_vista",27790,185109929
2015-01-01,"depositos_vista",27790,170885983
2015-02-01,"depositos_vista",27790,168715875
2015-03-01,"depositos_vista",27790,166300293
2015-04-01,"depositos_vista",27790,159236641
2015-05-01,"depositos_vista",27790,158728623
2015-06-01,"depositos_vista",27790,159866795
2015-07-01,"depositos_vista",27790,151094978
2015-08-01,"depositos_vista",27790,151353295
2015-09-01,"depositos_vista",27790,149465996
2015-10-01,"depositos_vista",27790,146448053
2015-11-01,"depositos_vista",27790,155124287
2015-12-01,"depositos_vista",27790,161940172
2016-01-01,"depositos_vista",27790,150475360
2016-02-01,"depositos_vista",27790,151449785
2016-03-01,"depositos_vista",27790,148210093
2016-04-01,"depositos_vista",27790,150235933
2016-05-01,"depositos_vista",27790,149595843
2016-06-01,"depositos_vista",27790,150166522
2016-07-01,"depositos_vista",27790,147268307
2016-08-01,"depositos_vista",27790,147823688
2016-09-01,"depositos_vista",27790,151306402
2016-10-01,"depositos_vista",27790,154121852
2016-11-01,"depositos_vista",27790,158865851
2016-12-01,"depositos_vista",27790,171055078
2017-01-01,"depositos_vista",27790,151990251
2017-02-01,"depositos_vista",27790,157535566
2017-03-01,"depositos_vista",27790,152547049
2017-04-01,"depositos_vista",27790,154598729
2017-05-01,"depositos_vista",27790,154731915
2017-06-01,"depositos_vista",27790,157053070
2017-07-01,"depositos_vista",27790,157343278
2017-08-01,"depositos_vista",27790,154505115
2017-09-01,"depositos_vista",27790,156549485
2017-10-01,"depositos_vista",27790,156944793
2017-11-01,"depositos_vista",27790,165505188
2017-12-01,"depositos_vista",27790,179929926
2018-01-01,"depositos_vista",27790,161528707
2018-02-01,"depositos_vista",27790,165472077
2018-03-01,"depositos_vista",27790,170388005
2018-04-01,"depositos_vista",27790,175792371
2018-05-01,"depositos_vista",27790,173902943
2018-06-01,"depositos_vista",27790,171743091
2018-07-01,"depositos_vista",27790,170376496
2018-08-01,"depositos_vista",27790,174125250
2018-09-01,"depositos_vista",27790,176292220
2018-10-01,"depositos_vista",27790,170343570
2018-11-01,"depositos_vista",27790,176328775
2018-12-01,"depositos_vista",27790,192069571
2019-01-01,"depositos_vista",27790,172986831
2019-02-01,"depositos_vista",27790,178104350
2019-03-01,"depositos_vista",27790,180041402
2019-04-01,"depositos_vista",27790,180887251
2019-05-01,"depositos_vista",27790,176189112
2019-06-01,"depositos_vista",27790,180590314
2019-07-01,"depositos_vista",27790,176890435
2019-08-01,"depositos_vista",27790,178832899
2019-09-01,"depositos_vista",27790,185853835
2019-10-01,"depositos_vista",27790,180496056
2019-11-01,"depositos_vista",27790,194625989
2019-12-01,"depositos_vista",27790,219412639
2020-01-01,"depositos_vista",27790,191981511
2020-02-01,"depositos_vista",27790,199681037
2020-03-01,"depositos_vista",27790,221617254
2020-04-01,"depositos_vista",27790,233611277
2020-05-01,"depositos_vista",27790,246472095
2020-06-01,"depositos_vista",27790,263802708
2020-07-01,"depositos_vista",27790,266621350
2020-08-01,"depositos_vista",27790,279222044
2020-09-01,"depositos_vista",27790,298269629
2020-10-01,"depositos_vista",27790,297646164
2020-11-01,"depositos_vista",27790,310057487
2020-12-01,"depositos_vista",27790,332218129
2021-01-01,"depositos_vista",27790,298617922
2021-02-01,"depositos_vista",27790,302761271
2021-03-01,"depositos_vista",27790,312936670
2021-04-01,"depositos_vista",27790,319354076
2021-05-01,"depositos_vista",27790,323597448
2021-06-01,"depositos_vista",27790,354110906
2021-07-01,"depositos_vista",27790,360402855
2021-08-01,"depositos_vista",27790,357486665
2021-09-01,"depositos_vista",27790,353060999
2021-10-01,"depositos_vista",27790,343087956
2021-11-01,"depositos_vista",27790,349378685
2021-12-01,"depositos_vista",27790,367475256
2022-01-01,"depositos_vista",27790,327800630
2022-02-01,"depositos_vista",27790,333167467
2022-03-01,"depositos_vista",27790,335803641
2022-04-01,"depositos_vista",27790,342279371
2022-05-01,"depositos_vista",27790,331986501
2022-06-01,"depositos_vista",27790,336964270
2022-07-01,"depositos_vista",27790,333751521
2022-08-01,"depositos_vista",27790,336587010
2022-09-01,"depositos_vista",27790,335927581
2022-10-01,"depositos_vista",27790,323571520
2022-11-01,"depositos_vista",27790,331747472
2022-12-01,"depositos_vista",27790,352649985
2023-01-01,"depositos_vista",27790,312461652
2023-02-01,"depositos_vista",27790,319491752
2023-03-01,"depositos_vista",27790,323548712
2023-04-01,"depositos_vista",27790,326478937
2023-05-01,"depositos_vista",27790,314584231
2023-06-01,"depositos_vista",27790,315726139
2023-07-01,"depositos_vista",27790,311281724
2023-08-01,"depositos_vista",27790,318453926
2023-09-01,"depositos_vista",27790,315874042
2023-10-01,"depositos_vista",27790,310234599
2023-11-01,"depositos_vista",27790,327007854
2023-12-01,"depositos_vista",27790,352477983
2024-01-01,"depositos_vista",27790,316833759
2024-02-01,"depositos_vista",27790,319493117
2024-03-01,"depositos_vista",27790,325226995
2024-04-01,"depositos_vista",27790,336966713
2024-05-01,"depositos_vista",27790,343354465
2024-06-01,"depositos_vista",27790,357210969
2024-07-01,"depositos_vista",27790,343779402
2024-08-01,"depositos_vista",27790,352661659
2024-09-01,"depositos_vista",27790,347181414
2024-10-01,"depositos_vista",27790,327883635
2024-11-01,"depositos_vista",27790,340340913
2024-12-01,"depositos_vista",27790,369286093
2025-01-01,"depositos_vista",27790,315381371
2025-02-01,"depositos_vista",27790,326445031
2025-03-01,"depositos_vista",27790,326990399
2025-04-01,"depositos_vista",27790,335783077
2025-05-01,"depositos_vista",27790,327610407
2025-06-01,"depositos_vista",27790,329095862
2025-07-01,"depositos_vista",27790,314211953
2025-08-01,"depositos_vista",27790,318300052
2025-09-01,"depositos_vista",27790,324839198
2025-10-01,"depositos_vista",27790,302291705
2025-11-01,"depositos_vista",27790,315278287
2025-12-01,"depositos_vista",27790,340569915
2026-01-01,"depositos_vista",27790,303074741
2026-02-01,"depositos_vista",27790,309612995
2026-03-01,"depositos_vista",27790,311597089
2026-04-01,"depositos_vista",27790,311545957
2026-05-01,"depositos_vista",27790,320320044
2026-06-01,"depositos_vista",27790,327319243
2026-07-01,"depositos_vista",27790,309698393
2010-01-01,"M1",27791,231954830
2010-02-01,"M1",27791,229539682
2010-03-01,"M1",27791,234321660
2010-04-01,"M1",27791,233688103
2010-05-01,"M1",27791,236231009
2010-06-01,"M1",27791,240063569
2010-07-01,"M1",27791,241185103
2010-08-01,"M1",27791,248096060
2010-09-01,"M1",27791,254630048
2010-10-01,"M1",27791,255602306
2010-11-01,"M1",27791,265053833
2010-12-01,"M1",27791,287739157
2011-01-01,"M1",27791,263311792
2011-02-01,"M1",27791,260344752
2011-03-01,"M1",27791,258418003
2011-04-01,"M1",27791,254881493
2011-05-01,"M1",27791,256145571
2011-06-01,"M1",27791,260499957
2011-07-01,"M1",27791,259274878
2011-08-01,"M1",27791,255050276
2011-09-01,"M1",27791,262523711
2011-10-01,"M1",27791,260305090
2011-11-01,"M1",27791,268690702
2011-12-01,"M1",27791,292168445
2012-01-01,"M1",27791,266624937
2012-02-01,"M1",27791,263700653
2012-03-01,"M1",27791,265172466
2012-04-01,"M1",27791,266494252
2012-05-01,"M1",27791,267179533
2012-06-01,"M1",27791,273604994
2012-07-01,"M1",27791,273823647
2012-08-01,"M1",27791,275496620
2012-09-01,"M1",27791,283624015
2012-10-01,"M1",27791,281894017
2012-11-01,"M1",27791,296879634
2012-12-01,"M1",27791,333485628
2013-01-01,"M1",27791,295955770
2013-02-01,"M1",27791,295465665
2013-03-01,"M1",27791,302533983
2013-04-01,"M1",27791,297020509
2013-05-01,"M1",27791,302852163
2013-06-01,"M1",27791,310759832
2013-07-01,"M1",27791,304941433
2013-08-01,"M1",27791,308211808
2013-09-01,"M1",27791,311800042
2013-10-01,"M1",27791,308363436
2013-11-01,"M1",27791,325398936
2013-12-01,"M1",27791,354650948
2014-01-01,"M1",27791,323274695
2014-02-01,"M1",27791,326389329
2014-03-01,"M1",27791,321036411
2014-04-01,"M1",27791,320332877
2014-05-01,"M1",27791,314796451
2014-06-01,"M1",27791,317270689
2014-07-01,"M1",27791,313720506
2014-08-01,"M1",27791,317892917
2014-09-01,"M1",27791,325937821
2014-10-01,"M1",27791,324782470
2014-11-01,"M1",27791,338309402
2014-12-01,"M1",27791,363361535
2015-01-01,"M1",27791,333454078
2015-02-01,"M1",27791,330708611
2015-03-01,"M1",27791,327928960
2015-04-01,"M1",27791,319444733
2015-05-01,"M1",27791,318441737
2015-06-01,"M1",27791,318619292
2015-07-01,"M1",27791,312043132
2015-08-01,"M1",27791,310097600
2015-09-01,"M1",27791,308941546
2015-10-01,"M1",27791,311859455
2015-11-01,"M1",27791,323866983
2015-12-01,"M1",27791,347220589
2016-01-01,"M1",27791,321522785
2016-02-01,"M1",27791,319261836
2016-03-01,"M1",27791,313677641
2016-04-01,"M1",27791,316640864
2016-05-01,"M1",27791,314364643
2016-06-01,"M1",27791,315458133
2016-07-01,"M1",27791,313978056
2016-08-01,"M1",27791,313375647
2016-09-01,"M1",27791,323287076
2016-10-01,"M1",27791,322983773
2016-11-01,"M1",27791,332706192
2016-12-01,"M1",27791,363028546
2017-01-01,"M1",27791,326435805
2017-02-01,"M1",27791,333845630
2017-03-01,"M1",27791,325270676
2017-04-01,"M1",27791,327570800
2017-05-01,"M1",27791,326537000
2017-06-01,"M1",27791,333582469
2017-07-01,"M1",27791,333533428
2017-08-01,"M1",27791,330016863
2017-09-01,"M1",27791,335224186
2017-10-01,"M1",27791,334125389
2017-11-01,"M1",27791,348897769
2017-12-01,"M1",27791,383839562
2018-01-01,"M1",27791,347816120
2018-02-01,"M1",27791,349603126
2018-03-01,"M1",27791,355419947
2018-04-01,"M1",27791,359192039
2018-05-01,"M1",27791,358130097
2018-06-01,"M1",27791,359116892
2018-07-01,"M1",27791,356789583
2018-08-01,"M1",27791,365719880
2018-09-01,"M1",27791,371430695
2018-10-01,"M1",27791,362857188
2018-11-01,"M1",27791,376198825
2018-12-01,"M1",27791,410226239
2019-01-01,"M1",27791,372836696
2019-02-01,"M1",27791,376405088
2019-03-01,"M1",27791,377380908
2019-04-01,"M1",27791,375671489
2019-05-01,"M1",27791,371571210
2019-06-01,"M1",27791,376630901
2019-07-01,"M1",27791,372490492
2019-08-01,"M1",27791,376799693
2019-09-01,"M1",27791,387561723
2019-10-01,"M1",27791,381928994
2019-11-01,"M1",27791,406241336
2019-12-01,"M1",27791,447721783
2020-01-01,"M1",27791,404550142
2020-02-01,"M1",27791,409907807
2020-03-01,"M1",27791,435822892
2020-04-01,"M1",27791,471271060
2020-05-01,"M1",27791,503444375
2020-06-01,"M1",27791,534044506
2020-07-01,"M1",27791,546432508
2020-08-01,"M1",27791,565320570
2020-09-01,"M1",27791,586004391
2020-10-01,"M1",27791,590278158
2020-11-01,"M1",27791,607517470
2020-12-01,"M1",27791,641107547
2021-01-01,"M1",27791,590903600
2021-02-01,"M1",27791,587846663
2021-03-01,"M1",27791,593105306
2021-04-01,"M1",27791,598687912
2021-05-01,"M1",27791,602415023
2021-06-01,"M1",27791,636140891
2021-07-01,"M1",27791,645132915
2021-08-01,"M1",27791,636970352
2021-09-01,"M1",27791,629638197
2021-10-01,"M1",27791,619047658
2021-11-01,"M1",27791,623268166
2021-12-01,"M1",27791,653420212
2022-01-01,"M1",27791,599753042
2022-02-01,"M1",27791,604776930
2022-03-01,"M1",27791,602964529
2022-04-01,"M1",27791,610803461
2022-05-01,"M1",27791,602960596
2022-06-01,"M1",27791,609435478
2022-07-01,"M1",27791,603734003
2022-08-01,"M1",27791,603313056
2022-09-01,"M1",27791,606755327
2022-10-01,"M1",27791,594572665
2022-11-01,"M1",27791,606868801
2022-12-01,"M1",27791,645798347
2023-01-01,"M1",27791,595517983
2023-02-01,"M1",27791,599821499
2023-03-01,"M1",27791,600411789
2023-04-01,"M1",27791,601348363
2023-05-01,"M1",27791,588530231
2023-06-01,"M1",27791,597802820
2023-07-01,"M1",27791,595150194
2023-08-01,"M1",27791,597125913
2023-09-01,"M1",27791,593557239
2023-10-01,"M1",27791,586994901
2023-11-01,"M1",27791,605934378
2023-12-01,"M1",27791,644359232
2024-01-01,"M1",27791,597775972
2024-02-01,"M1",27791,599128473
2024-03-01,"M1",27791,605349163
2024-04-01,"M1",27791,619328956
2024-05-01,"M1",27791,635075427
2024-06-01,"M1",27791,647133709
2024-07-01,"M1",27791,640321842
2024-08-01,"M1",27791,649442236
2024-09-01,"M1",27791,646946561
2024-10-01,"M1",27791,624046032
2024-11-01,"M1",27791,637926183
2024-12-01,"M1",27791,677275508
2025-01-01,"M1",27791,618269518
2025-02-01,"M1",27791,627623053
2025-03-01,"M1",27791,624610121
2025-04-01,"M1",27791,635550312
2025-05-01,"M1",27791,633033849
2025-06-01,"M1",27791,638208964
2025-07-01,"M1",27791,624936009
2025-08-01,"M1",27791,629644973
2025-09-01,"M1",27791,633850899
2025-10-01,"M1",27791,611823729
2025-11-01,"M1",27791,626881256
2025-12-01,"M1",27791,665600322
2026-01-01,"M1",27791,622015503
2026-02-01,"M1",27791,627834435
2026-03-01,"M1",27791,631507323
2026-04-01,"M1",27791,636037578
2026-05-01,"M1",27791,651112994
2026-06-01,"M1",27791,663268581
2026-07-01,"M1",27791,645341217
2010-01-01,"M2",27810,1164959304
2010-02-01,"M2",27810,1168268490
2010-03-01,"M2",27810,1183495173
2010-04-01,"M2",27810,1179396787
2010-05-01,"M2",27810,1193103293
2010-06-01,"M2",27810,1213647686
2010-07-01,"M2",27810,1224429731
2010-08-01,"M2",27810,1248586797
2010-09-01,"M2",27810,1280552635
2010-10-01,"M2",27810,1292953330
2010-11-01,"M2",27810,1324903932
2010-12-01,"M2",27810,1387911551
2011-01-01,"M2",27810,1373573507
2011-02-01,"M2",27810,1393166332
2011-03-01,"M2",27810,1421898024
2011-04-01,"M2",27810,1429732032
2011-05-01,"M2",27810,1455032495
2011-06-01,"M2",27810,1483845139
2011-07-01,"M2",27810,1504654844
2011-08-01,"M2",27810,1530671978
2011-09-01,"M2",27810,1564422897
2011-10-01,"M2",27810,1571741588
2011-11-01,"M2",27810,1602533597
2011-12-01,"M2",27810,1649901271
2012-01-01,"M2",27810,1624306909
2012-02-01,"M2",27810,1630953144
2012-03-01,"M2",27810,1648106102
2012-04-01,"M2",27810,1643620310
2012-05-01,"M2",27810,1668158595
2012-06-01,"M2",27810,1691859070
2012-07-01,"M2",27810,1701379607
2012-08-01,"M2",27810,1717369610
2012-09-01,"M2",27810,1737700016
2012-10-01,"M2",27810,1742734111
2012-11-01,"M2",27810,1759318172
2012-12-01,"M2",27810,1792891488
2013-01-01,"M2",27810,1750647756
2013-02-01,"M2",27810,1749820224
2013-03-01,"M2",27810,1784054636
2013-04-01,"M2",27810,1781381964
2013-05-01,"M2",27810,1808987072
2013-06-01,"M2",27810,1847726382
2013-07-01,"M2",27810,1854519202
2013-08-01,"M2",27810,1874736680
2013-09-01,"M2",27810,1892308996
2013-10-01,"M2",27810,1903729843
2013-11-01,"M2",27810,1940434536
2013-12-01,"M2",27810,1985467611
2014-01-01,"M2",27810,1971127279
2014-02-01,"M2",27810,1989751973
2014-03-01,"M2",27810,2004771520
2014-04-01,"M2",27810,2018409621
2014-05-01,"M2",27810,2037576287
2014-06-01,"M2",27810,2061091340
2014-07-01,"M2",27810,2068935938
2014-08-01,"M2",27810,2087372837
2014-09-01,"M2",27810,2110060143
2014-10-01,"M2",27810,2121339527
2014-11-01,"M2",27810,2146852154
2014-12-01,"M2",27810,2186471965
2015-01-01,"M2",27810,2164354124
2015-02-01,"M2",27810,2168510301
2015-03-01,"M2",27810,2183104350
2015-04-01,"M2",27810,2178077343
2015-05-01,"M2",27810,2193636407
2015-06-01,"M2",27810,2200717397
2015-07-01,"M2",27810,2210374249
2015-08-01,"M2",27810,2212621000
2015-09-01,"M2",27810,2233749004
2015-10-01,"M2",27810,2252120829
2015-11-01,"M2",27810,2269537065
2015-12-01,"M2",27810,2334143094
2016-01-01,"M2",27810,2300666103
2016-02-01,"M2",27810,2301159340
2016-03-01,"M2",27810,2301406917
2016-04-01,"M2",27810,2298824612
2016-05-01,"M2",27810,2312333789
2016-06-01,"M2",27810,2328060305
2016-07-01,"M2",27810,2335393825
2016-08-01,"M2",27810,2348937566
2016-09-01,"M2",27810,2351620449
2016-10-01,"M2",27810,2356477212
2016-11-01,"M2",27810,2387236146
2016-12-01,"M2",27810,2446065748
2017-01-01,"M2",27810,2390710458
2017-02-01,"M2",27810,2401311628
2017-03-01,"M2",27810,2413002766
2017-04-01,"M2",27810,2428356121
2017-05-01,"M2",27810,2462036268
2017-06-01,"M2",27810,2497091464
2017-07-01,"M2",27810,2492501008
2017-08-01,"M2",27810,2513003631
2017-09-01,"M2",27810,2529390340
2017-10-01,"M2",27810,2516956654
2017-11-01,"M2",27810,2542372506
2017-12-01,"M2",27810,2581696299
2018-01-01,"M2",27810,2540195151
2018-02-01,"M2",27810,2555764990
2018-03-01,"M2",27810,2610244305
2018-04-01,"M2",27810,2610320393
2018-05-01,"M2",27810,2639056258
2018-06-01,"M2",27810,2687682367
2018-07-01,"M2",27810,2687705607
2018-08-01,"M2",27810,2722687661
2018-09-01,"M2",27810,2768549987
2018-10-01,"M2",27810,2758971123
2018-11-01,"M2",27810,2767462368
2018-12-01,"M2",27810,2851295642
2019-01-01,"M2",27810,2782890822
2019-02-01,"M2",27810,2789368553
2019-03-01,"M2",27810,2826921482
2019-04-01,"M2",27810,2837567785
2019-05-01,"M2",27810,2858260568
2019-06-01,"M2",27810,2882284876
2019-07-01,"M2",27810,2887363074
2019-08-01,"M2",27810,2910893771
2019-09-01,"M2",27810,2954813223
2019-10-01,"M2",27810,2966159632
2019-11-01,"M2",27810,3006693123
2019-12-01,"M2",27810,3099422442
2020-01-01,"M2",27810,3032056110
2020-02-01,"M2",27810,3043035747
2020-03-01,"M2",27810,3209501552
2020-04-01,"M2",27810,3392853533
2020-05-01,"M2",27810,3538699264
2020-06-01,"M2",27810,3633595533
2020-07-01,"M2",27810,3718433395
2020-08-01,"M2",27810,3757567018
2020-09-01,"M2",27810,3842696583
2020-10-01,"M2",27810,3892841631
2020-11-01,"M2",27810,3922090546
2020-12-01,"M2",27810,3998221163
2021-01-01,"M2",27810,3886076220
2021-02-01,"M2",27810,3883410796
2021-03-01,"M2",27810,3935393883
2021-04-01,"M2",27810,3941404119
2021-05-01,"M2",27810,3959086827
2021-06-01,"M2",27810,4061317241
2021-07-01,"M2",27810,4111578695
2021-08-01,"M2",27810,4150515916
2021-09-01,"M2",27810,4195671424
2021-10-01,"M2",27810,4177585149
2021-11-01,"M2",27810,4187267597
2021-12-01,"M2",27810,4320167468
2022-01-01,"M2",27810,4206294859
2022-02-01,"M2",27810,4270965320
2022-03-01,"M2",27810,4370943102
2022-04-01,"M2",27810,4437056510
2022-05-01,"M2",27810,4528401923
2022-06-01,"M2",27810,4627983191
2022-07-01,"M2",27810,4689343288
2022-08-01,"M2",27810,4778941120
2022-09-01,"M2",27810,4860082436
2022-10-01,"M2",27810,4865558637
2022-11-01,"M2",27810,4960885500
2022-12-01,"M2",27810,5105452217
2023-01-01,"M2",27810,5034001567
2023-02-01,"M2",27810,5094021240
2023-03-01,"M2",27810,5227111932
2023-04-01,"M2",27810,5256116447
2023-05-01,"M2",27810,5332968713
2023-06-01,"M2",27810,5433487431
2023-07-01,"M2",27810,5480967355
2023-08-01,"M2",27810,5581019740
2023-09-01,"M2",27810,5643662354
2023-10-01,"M2",27810,5689464310
2023-11-01,"M2",27810,5758583696
2023-12-01,"M2",27810,5904635775
2024-01-01,"M2",27810,5841201208
2024-02-01,"M2",27810,5867783144
2024-03-01,"M2",27810,5969478261
2024-04-01,"M2",27810,6010176412
2024-05-01,"M2",27810,6101542281
2024-06-01,"M2",27810,6241081631
2024-07-01,"M2",27810,6298320378
2024-08-01,"M2",27810,6361258911
2024-09-01,"M2",27810,6372576455
2024-10-01,"M2",27810,6418306026
2024-11-01,"M2",27810,6498143465
2024-12-01,"M2",27810,6658392904
2025-01-01,"M2",27810,6544049603
2025-02-01,"M2",27810,6651268598
2025-03-01,"M2",27810,6708973112
2025-04-01,"M2",27810,6777976755
2025-05-01,"M2",27810,6872179019
2025-06-01,"M2",27810,6946523624
2025-07-01,"M2",27810,7016391958
2025-08-01,"M2",27810,7081984306
2025-09-01,"M2",27810,7160699250
2025-10-01,"M2",27810,7193941067
2025-11-01,"M2",27810,7240093589
2025-12-01,"M2",27810,7393639227
2026-01-01,"M2",27810,7290499329
2026-02-01,"M2",27810,7335073399
2026-03-01,"M2",27810,7424619167
2026-04-01,"M2",27810,7484971000
2026-05-01,"M2",27810,7606412428
2026-06-01,"M2",27810,7719888214
2026-07-01,"M2",27810,7737698350
2010-01-01,"M3",27813,2322483632
2010-02-01,"M3",27813,2331431779
2010-03-01,"M3",27813,2363486147
2010-04-01,"M3",27813,2371436991
2010-05-01,"M3",27813,2402387178
2010-06-01,"M3",27813,2429332137
2010-07-01,"M3",27813,2470349066
2010-08-01,"M3",27813,2519676850
2010-09-01,"M3",27813,2567999140
2010-10-01,"M3",27813,2620660155
2010-11-01,"M3",27813,2643539508
2010-12-01,"M3",27813,2681421355
2011-01-01,"M3",27813,2692091783
2011-02-01,"M3",27813,2746372688
2011-03-01,"M3",27813,2774165612
2011-04-01,"M3",27813,2802614210
2011-05-01,"M3",27813,2837176945
2011-06-01,"M3",27813,2859691238
2011-07-01,"M3",27813,2917116204
2011-08-01,"M3",27813,2973056786
2011-09-01,"M3",27813,3009561825
2011-10-01,"M3",27813,3033171871
2011-11-01,"M3",27813,3058534253
2011-12-01,"M3",27813,3126468029
2012-01-01,"M3",27813,3183704028
2012-02-01,"M3",27813,3215823078
2012-03-01,"M3",27813,3280594773
2012-04-01,"M3",27813,3311417702
2012-05-01,"M3",27813,3358168535
2012-06-01,"M3",27813,3378112765
2012-07-01,"M3",27813,3428574172
2012-08-01,"M3",27813,3486156088
2012-09-01,"M3",27813,3509444353
2012-10-01,"M3",27813,3560256027
2012-11-01,"M3",27813,3595180344
2012-12-01,"M3",27813,3609680508
2013-01-01,"M3",27813,3641468977
2013-02-01,"M3",27813,3656344131
2013-03-01,"M3",27813,3690666043
2013-04-01,"M3",27813,3718643709
2013-05-01,"M3",27813,3763267815
2013-06-01,"M3",27813,3781611175
2013-07-01,"M3",27813,3814726306
2013-08-01,"M3",27813,3834189886
2013-09-01,"M3",27813,3856984371
2013-10-01,"M3",27813,3885993526
2013-11-01,"M3",27813,3897745977
2013-12-01,"M3",27813,3947967099
2014-01-01,"M3",27813,3956852345
2014-02-01,"M3",27813,3973241537
2014-03-01,"M3",27813,3987162587
2014-04-01,"M3",27813,4024128054
2014-05-01,"M3",27813,4071238100
2014-06-01,"M3",27813,4101325335
2014-07-01,"M3",27813,4169700240
2014-08-01,"M3",27813,4271481439
2014-09-01,"M3",27813,4306043943
2014-10-01,"M3",27813,4349931096
2014-11-01,"M3",27813,4390074190
2014-12-01,"M3",27813,4438289475
2015-01-01,"M3",27813,4446980401
2015-02-01,"M3",27813,4446708674
2015-03-01,"M3",27813,4475838274
2015-04-01,"M3",27813,4493113529
2015-05-01,"M3",27813,4554350444
2015-06-01,"M3",27813,4563586143
2015-07-01,"M3",27813,4597352502
2015-08-01,"M3",27813,4591457079
2015-09-01,"M3",27813,4636253676
2015-10-01,"M3",27813,4677523145
2015-11-01,"M3",27813,4716993314
2015-12-01,"M3",27813,4854978073
2016-01-01,"M3",27813,4829018658
2016-02-01,"M3",27813,4884235641
2016-03-01,"M3",27813,4953973835
2016-04-01,"M3",27813,4975614007
2016-05-01,"M3",27813,5008017964
2016-06-01,"M3",27813,5042395159
2016-07-01,"M3",27813,5093742194
2016-08-01,"M3",27813,5158943154
2016-09-01,"M3",27813,5205671446
2016-10-01,"M3",27813,5228485955
2016-11-01,"M3",27813,5264955221
2016-12-01,"M3",27813,5370570893
2017-01-01,"M3",27813,5403067549
2017-02-01,"M3",27813,5428196722
2017-03-01,"M3",27813,5507791836
2017-04-01,"M3",27813,5474967657
2017-05-01,"M3",27813,5495565318
2017-06-01,"M3",27813,5518949598
2017-07-01,"M3",27813,5543482574
2017-08-01,"M3",27813,5626754248
2017-09-01,"M3",27813,5677639428
2017-10-01,"M3",27813,5711202165
2017-11-01,"M3",27813,5713739945
2017-12-01,"M3",27813,5770354874
2018-01-01,"M3",27813,5774734690
2018-02-01,"M3",27813,5800302433
2018-03-01,"M3",27813,5858214642
2018-04-01,"M3",27813,5862418608
2018-05-01,"M3",27813,5875957544
2018-06-01,"M3",27813,5937930939
2018-07-01,"M3",27813,5952652635
2018-08-01,"M3",27813,6051069562
2018-09-01,"M3",27813,6107351558
2018-10-01,"M3",27813,6137916038
2018-11-01,"M3",27813,6150787765
2018-12-01,"M3",27813,6327699486
2019-01-01,"M3",27813,6247917656
2019-02-01,"M3",27813,6261466804
2019-03-01,"M3",27813,6316011118
2019-04-01,"M3",27813,6329039326
2019-05-01,"M3",27813,6413435285
2019-06-01,"M3",27813,6462185630
2019-07-01,"M3",27813,6514185140
2019-08-01,"M3",27813,6552984089
2019-09-01,"M3",27813,6646055953
2019-10-01,"M3",27813,6666132060
2019-11-01,"M3",27813,6705196896
2019-12-01,"M3",27813,6813474032
2020-01-01,"M3",27813,6750429150
2020-02-01,"M3",27813,6787939129
2020-03-01,"M3",27813,6874426696
2020-04-01,"M3",27813,7041664378
2020-05-01,"M3",27813,7210605349
2020-06-01,"M3",27813,7400929374
2020-07-01,"M3",27813,7560493317
2020-08-01,"M3",27813,7689525475
2020-09-01,"M3",27813,7752745912
2020-10-01,"M3",27813,7792807281
2020-11-01,"M3",27813,7835982778
2020-12-01,"M3",27813,8035557724
2021-01-01,"M3",27813,7988869455
2021-02-01,"M3",27813,8004776613
2021-03-01,"M3",27813,8062170326
2021-04-01,"M3",27813,8132092713
2021-05-01,"M3",27813,8217877065
2021-06-01,"M3",27813,8345682829
2021-07-01,"M3",27813,8447830940
2021-08-01,"M3",27813,8531334851
2021-09-01,"M3",27813,8583398277
2021-10-01,"M3",27813,8561880135
2021-11-01,"M3",27813,8691065342
2021-12-01,"M3",27813,8814965194
2022-01-01,"M3",27813,8711765800
2022-02-01,"M3",27813,8734415003
2022-03-01,"M3",27813,9031763011
2022-04-01,"M3",27813,9092619604
2022-05-01,"M3",27813,9186556753
2022-06-01,"M3",27813,9257217628
2022-07-01,"M3",27813,9236804120
2022-08-01,"M3",27813,9502994255
2022-09-01,"M3",27813,9595062884
2022-10-01,"M3",27813,9513988858
2022-11-01,"M3",27813,9618776990
2022-12-01,"M3",27813,9687094657
2023-01-01,"M3",27813,9649836121
2023-02-01,"M3",27813,9732516870
2023-03-01,"M3",27813,9926239857
2023-04-01,"M3",27813,10004442349
2023-05-01,"M3",27813,10033043466
2023-06-01,"M3",27813,10228434344
2023-07-01,"M3",27813,10337936158
2023-08-01,"M3",27813,10480749668
2023-09-01,"M3",27813,10561766859
2023-10-01,"M3",27813,10592400218
2023-11-01,"M3",27813,10715736212
2023-12-01,"M3",27813,10848434217
2024-01-01,"M3",27813,10883952756
2024-02-01,"M3",27813,11010182479
2024-03-01,"M3",27813,11200866302
2024-04-01,"M3",27813,11212545058
2024-05-01,"M3",27813,11429814608
2024-06-01,"M3",27813,11597594837
2024-07-01,"M3",27813,11727411919
2024-08-01,"M3",27813,11906609138
2024-09-01,"M3",27813,11905756113
2024-10-01,"M3",27813,11967773663
2024-11-01,"M3",27813,11896214727
2024-12-01,"M3",27813,12100598007
2025-01-01,"M3",27813,12083533103
2025-02-01,"M3",27813,12185905650
2025-03-01,"M3",27813,12350837828
2025-04-01,"M3",27813,12466443642
2025-05-01,"M3",27813,12684313515
2025-06-01,"M3",27813,12774804501
2025-07-01,"M3",27813,12774448045
2025-08-01,"M3",27813,12815296537
2025-09-01,"M3",27813,12989359326
2025-10-01,"M3",27813,13125879604
2025-11-01,"M3",27813,13160583570
2025-12-01,"M3",27813,13310534265
2026-01-01,"M3",27813,13285082231
2026-02-01,"M3",27813,13372216493
2026-03-01,"M3",27813,13520325157
2026-04-01,"M3",27813,13644722306
2026-05-01,"M3",27813,13862066001
2026-06-01,"M3",27813,13995901472
2026-07-01,"M3",27813,14059773015
2010-01-01,"M4",27815,2605840471
2010-02-01,"M4",27815,2623278526
2010-03-01,"M4",27815,2659498428
2010-04-01,"M4",27815,2670103559
2010-05-01,"M4",27815,2707324124
2010-06-01,"M4",27815,2741751027
2010-07-01,"M4",27815,2777583916
2010-08-01,"M4",27815,2824549127
2010-09-01,"M4",27815,2872131561
2010-10-01,"M4",27815,2943842406
2010-11-01,"M4",27815,2973395179
2010-12-01,"M4",27815,2976783487
2011-01-01,"M4",27815,2999789901
2011-02-01,"M4",27815,3075998853
2011-03-01,"M4",27815,3096759658
2011-04-01,"M4",27815,3133705266
2011-05-01,"M4",27815,3166562726
2011-06-01,"M4",27815,3188121318
2011-07-01,"M4",27815,3236156038
2011-08-01,"M4",27815,3267212177
2011-09-01,"M4",27815,3300817548
2011-10-01,"M4",27815,3332368524
2011-11-01,"M4",27815,3344917083
2011-12-01,"M4",27815,3420779729
2012-01-01,"M4",27815,3467874222
2012-02-01,"M4",27815,3501666521
2012-03-01,"M4",27815,3560241315
2012-04-01,"M4",27815,3572707204
2012-05-01,"M4",27815,3625970074
2012-06-01,"M4",27815,3643522442
2012-07-01,"M4",27815,3678241870
2012-08-01,"M4",27815,3737939097
2012-09-01,"M4",27815,3757564160
2012-10-01,"M4",27815,3806703466
2012-11-01,"M4",27815,3833305417
2012-12-01,"M4",27815,3860098790
2013-01-01,"M4",27815,3876730386
2013-02-01,"M4",27815,3905533529
2013-03-01,"M4",27815,3937286921
2013-04-01,"M4",27815,3977938892
2013-05-01,"M4",27815,4039567474
2013-06-01,"M4",27815,4076016558
2013-07-01,"M4",27815,4092715829
2013-08-01,"M4",27815,4126641494
2013-09-01,"M4",27815,4161521066
2013-10-01,"M4",27815,4201617658
2013-11-01,"M4",27815,4234749839
2013-12-01,"M4",27815,4267350449
2014-01-01,"M4",27815,4302958043
2014-02-01,"M4",27815,4308697091
2014-03-01,"M4",27815,4323341813
2014-04-01,"M4",27815,4353875595
2014-05-01,"M4",27815,4391423444
2014-06-01,"M4",27815,4428178547
2014-07-01,"M4",27815,4489161835
2014-08-01,"M4",27815,4570292750
2014-09-01,"M4",27815,4641249955
2014-10-01,"M4",27815,4677624437
2014-11-01,"M4",27815,4718034618
2014-12-01,"M4",27815,4774925265
2015-01-01,"M4",27815,4777616433
2015-02-01,"M4",27815,4793695676
2015-03-01,"M4",27815,4836693747
2015-04-01,"M4",27815,4850532086
2015-05-01,"M4",27815,4908824344
2015-06-01,"M4",27815,4951069509
2015-07-01,"M4",27815,4989008758
2015-08-01,"M4",27815,5022943900
2015-09-01,"M4",27815,5087639840
2015-10-01,"M4",27815,5114530928
2015-11-01,"M4",27815,5163315756
2015-12-01,"M4",27815,5312283123
2016-01-01,"M4",27815,5291768650
2016-02-01,"M4",27815,5331795004
2016-03-01,"M4",27815,5389752466
2016-04-01,"M4",27815,5419606850
2016-05-01,"M4",27815,5453699716
2016-06-01,"M4",27815,5492324102
2016-07-01,"M4",27815,5548744457
2016-08-01,"M4",27815,5607068135
2016-09-01,"M4",27815,5652149886
2016-10-01,"M4",27815,5681511504
2016-11-01,"M4",27815,5743868110
2016-12-01,"M4",27815,5831877727
2017-01-01,"M4",27815,5842419766
2017-02-01,"M4",27815,5861693498
2017-03-01,"M4",27815,5936525988
2017-04-01,"M4",27815,5925396119
2017-05-01,"M4",27815,5947255664
2017-06-01,"M4",27815,5978559446
2017-07-01,"M4",27815,5978280665
2017-08-01,"M4",27815,6054119494
2017-09-01,"M4",27815,6092331523
2017-10-01,"M4",27815,6146692564
2017-11-01,"M4",27815,6167287138
2017-12-01,"M4",27815,6226509348
2018-01-01,"M4",27815,6206921935
2018-02-01,"M4",27815,6226461110
2018-03-01,"M4",27815,6285845760
2018-04-01,"M4",27815,6301712173
2018-05-01,"M4",27815,6393646561
2018-06-01,"M4",27815,6476692981
2018-07-01,"M4",27815,6473910303
2018-08-01,"M4",27815,6588892467
2018-09-01,"M4",27815,6642738040
2018-10-01,"M4",27815,6629067471
2018-11-01,"M4",27815,6639977745
2018-12-01,"M4",27815,6760860118
2019-01-01,"M4",27815,6701921956
2019-02-01,"M4",27815,6709137534
2019-03-01,"M4",27815,6786532799
2019-04-01,"M4",27815,6802015276
2019-05-01,"M4",27815,6851178385
2019-06-01,"M4",27815,6884678511
2019-07-01,"M4",27815,6915668862
2019-08-01,"M4",27815,7022518299
2019-09-01,"M4",27815,7092243208
2019-10-01,"M4",27815,7090277775
2019-11-01,"M4",27815,7159558180
2019-12-01,"M4",27815,7256443849
2020-01-01,"M4",27815,7195871247
2020-02-01,"M4",27815,7215768079
2020-03-01,"M4",27815,7333256201
2020-04-01,"M4",27815,7472941427
2020-05-01,"M4",27815,7627555239
2020-06-01,"M4",27815,7832931679
2020-07-01,"M4",27815,7957422496
2020-08-01,"M4",27815,8097711101
2020-09-01,"M4",27815,8229714368
2020-10-01,"M4",27815,8289635769
2020-11-01,"M4",27815,8343589906
2020-12-01,"M4",27815,8446332255
2021-01-01,"M4",27815,8454294566
2021-02-01,"M4",27815,8526838222
2021-03-01,"M4",27815,8657345746
2021-04-01,"M4",27815,8686640837
2021-05-01,"M4",27815,8772215183
2021-06-01,"M4",27815,8905135045
2021-07-01,"M4",27815,9028343889
2021-08-01,"M4",27815,9164711643
2021-09-01,"M4",27815,9280648380
2021-10-01,"M4",27815,9333664154
2021-11-01,"M4",27815,9428615562
2021-12-01,"M4",27815,9555234492
2022-01-01,"M4",27815,9488551951
2022-02-01,"M4",27815,9603103276
2022-03-01,"M4",27815,9864187068
2022-04-01,"M4",27815,9937518162
2022-05-01,"M4",27815,10060371988
2022-06-01,"M4",27815,10144119722
2022-07-01,"M4",27815,10177549496
2022-08-01,"M4",27815,10381807860
2022-09-01,"M4",27815,10475858204
2022-10-01,"M4",27815,10469645139
2022-11-01,"M4",27815,10618431343
2022-12-01,"M4",27815,10709515205
2023-01-01,"M4",27815,10729241619
2023-02-01,"M4",27815,10819964725
2023-03-01,"M4",27815,11004070457
2023-04-01,"M4",27815,11083646404
2023-05-01,"M4",27815,11120818837
2023-06-01,"M4",27815,11248260033
2023-07-01,"M4",27815,11310427028
2023-08-01,"M4",27815,11434014798
2023-09-01,"M4",27815,11609907471
2023-10-01,"M4",27815,11683681543
2023-11-01,"M4",27815,11799648265
2023-12-01,"M4",27815,11939585295
2024-01-01,"M4",27815,11974398343
2024-02-01,"M4",27815,12139510340
2024-03-01,"M4",27815,12309364664
2024-04-01,"M4",27815,12367703039
2024-05-01,"M4",27815,12597523745
2024-06-01,"M4",27815,12815386032
2024-07-01,"M4",27815,12950320592
2024-08-01,"M4",27815,13102858010
2024-09-01,"M4",27815,13150675220
2024-10-01,"M4",27815,13265375595
2024-11-01,"M4",27815,13350581346
2024-12-01,"M4",27815,13484592024
2025-01-01,"M4",27815,13437937969
2025-02-01,"M4",27815,13511317468
2025-03-01,"M4",27815,13649399497
2025-04-01,"M4",27815,13712167879
2025-05-01,"M4",27815,13888288209
2025-06-01,"M4",27815,14039432998
2025-07-01,"M4",27815,14120841627
2025-08-01,"M4",27815,14234319346
2025-09-01,"M4",27815,14459548295
2025-10-01,"M4",27815,14602895807
2025-11-01,"M4",27815,14606730300
2025-12-01,"M4",27815,14815152613
2026-01-01,"M4",27815,14735346998
2026-02-01,"M4",27815,14872491852
2026-03-01,"M4",27815,15141185324
2026-04-01,"M4",27815,15290059775
2026-05-01,"M4",27815,15575151570
2026-06-01,"M4",27815,15766507001
2026-07-01,"M4",27815,15820750556
