"trimestre","conta","valor_milhoes"
"200001","Produto Interno Bruto",276927
"200002","Produto Interno Bruto",292789
"200003","Produto Interno Bruto",308896
"200004","Produto Interno Bruto",320481
"200101","Produto Interno Bruto",312470
"200102","Produto Interno Bruto",323724
"200103","Produto Interno Bruto",332524
"200104","Produto Interno Bruto",347038
"200201","Produto Interno Bruto",342297
"200202","Produto Interno Bruto",367363
"200203","Produto Interno Bruto",379795
"200204","Produto Interno Bruto",399333
"200301","Produto Interno Bruto",397242
"200302","Produto Interno Bruto",418987
"200303","Produto Interno Bruto",439350
"200304","Produto Interno Bruto",462372
"200401","Produto Interno Bruto",444783
"200402","Produto Interno Bruto",481795
"200403","Produto Interno Bruto",505252
"200404","Produto Interno Bruto",525920
"200501","Produto Interno Bruto",499710
"200502","Produto Interno Bruto",535557
"200503","Produto Interno Bruto",552859
"200504","Produto Interno Bruto",582458
"200601","Produto Interno Bruto",554270
"200602","Produto Interno Bruto",581977
"200603","Produto Interno Bruto",617848
"200604","Produto Interno Bruto",655355
"200701","Produto Interno Bruto",631423
"200702","Produto Interno Bruto",670655
"200703","Produto Interno Bruto",691846
"200704","Produto Interno Bruto",726339
"200801","Produto Interno Bruto",712055
"200802","Produto Interno Bruto",769525
"200803","Produto Interno Bruto",812603
"200804","Produto Interno Bruto",815620
"200901","Produto Interno Bruto",756127
"200902","Produto Interno Bruto",803577
"200903","Produto Interno Bruto",852843
"200904","Produto Interno Bruto",920492
"201001","Produto Interno Bruto",886397
"201002","Produto Interno Bruto",944145
"201003","Produto Interno Bruto",997935
"201004","Produto Interno Bruto",1057370
"201101","Produto Interno Bruto",1016531
"201102","Produto Interno Bruto",1086712
"201103","Produto Interno Bruto",1112334
"201104","Produto Interno Bruto",1160805
"201201","Produto Interno Bruto",1129474
"201202","Produto Interno Bruto",1183126
"201203","Produto Interno Bruto",1230449
"201204","Produto Interno Bruto",1271711
"201301","Produto Interno Bruto",1241614
"201302","Produto Interno Bruto",1322580
"201303","Produto Interno Bruto",1354134
"201304","Produto Interno Bruto",1413291
"201401","Produto Interno Bruto",1385981
"201402","Produto Interno Bruto",1422322
"201403","Produto Interno Bruto",1462125
"201404","Produto Interno Bruto",1508525
"201501","Produto Interno Bruto",1456659
"201502","Produto Interno Bruto",1479970
"201503","Produto Interno Bruto",1508228
"201504","Produto Interno Bruto",1550930
"201601","Produto Interno Bruto",1500299
"201602","Produto Interno Bruto",1559050
"201603","Produto Interno Bruto",1577170
"201604","Produto Interno Bruto",1632808
"201701","Produto Interno Bruto",1585673
"201702","Produto Interno Bruto",1630730
"201703","Produto Interno Bruto",1648635
"201704","Produto Interno Bruto",1720441
"201801","Produto Interno Bruto",1682083
"201802","Produto Interno Bruto",1734099
"201803","Produto Interno Bruto",1767856
"201804","Produto Interno Bruto",1820103
"201901","Produto Interno Bruto",1757554
"201902","Produto Interno Bruto",1826761
"201903","Produto Interno Bruto",1880610
"201904","Produto Interno Bruto",1924206
"202001","Produto Interno Bruto",1868095
"202002","Produto Interno Bruto",1752724
"202003","Produto Interno Bruto",1929323
"202004","Produto Interno Bruto",2059455
"202101","Produto Interno Bruto",2156670
"202102","Produto Interno Bruto",2203639
"202103","Produto Interno Bruto",2295851
"202104","Produto Interno Bruto",2355982
"202201","Produto Interno Bruto",2319528
"202202","Produto Interno Bruto",2517481
"202203","Produto Interno Bruto",2601182
"202204","Produto Interno Bruto",2641485
"202301","Produto Interno Bruto",2581018
"202302","Produto Interno Bruto",2727580
"202303","Produto Interno Bruto",2769445
"202304","Produto Interno Bruto",2865301
"202401","Produto Interno Bruto",2764833
"202402","Produto Interno Bruto",2934759
"202403","Produto Interno Bruto",3015936
"202404","Produto Interno Bruto",3063723
"202501","Produto Interno Bruto",3024723
"202502","Produto Interno Bruto",3200345
"202503","Produto Interno Bruto",3235708
"202504","Produto Interno Bruto",3277790
"202601","Produto Interno Bruto",3250979
"202602","Produto Interno Bruto",3425728
"200001","(+) Salários (líquidos recebidos do exterior)",46
"200002","(+) Salários (líquidos recebidos do exterior)",35
"200003","(+) Salários (líquidos recebidos do exterior)",23
"200004","(+) Salários (líquidos recebidos do exterior)",41
"200101","(+) Salários (líquidos recebidos do exterior)",64
"200102","(+) Salários (líquidos recebidos do exterior)",69
"200103","(+) Salários (líquidos recebidos do exterior)",60
"200104","(+) Salários (líquidos recebidos do exterior)",27
"200201","(+) Salários (líquidos recebidos do exterior)",10
"200202","(+) Salários (líquidos recebidos do exterior)",52
"200203","(+) Salários (líquidos recebidos do exterior)",117
"200204","(+) Salários (líquidos recebidos do exterior)",149
"200301","(+) Salários (líquidos recebidos do exterior)",87
"200302","(+) Salários (líquidos recebidos do exterior)",70
"200303","(+) Salários (líquidos recebidos do exterior)",118
"200304","(+) Salários (líquidos recebidos do exterior)",57
"200401","(+) Salários (líquidos recebidos do exterior)",177
"200402","(+) Salários (líquidos recebidos do exterior)",127
"200403","(+) Salários (líquidos recebidos do exterior)",93
"200404","(+) Salários (líquidos recebidos do exterior)",130
"200501","(+) Salários (líquidos recebidos do exterior)",221
"200502","(+) Salários (líquidos recebidos do exterior)",123
"200503","(+) Salários (líquidos recebidos do exterior)",87
"200504","(+) Salários (líquidos recebidos do exterior)",101
"200601","(+) Salários (líquidos recebidos do exterior)",139
"200602","(+) Salários (líquidos recebidos do exterior)",73
"200603","(+) Salários (líquidos recebidos do exterior)",115
"200604","(+) Salários (líquidos recebidos do exterior)",63
"200701","(+) Salários (líquidos recebidos do exterior)",234
"200702","(+) Salários (líquidos recebidos do exterior)",242
"200703","(+) Salários (líquidos recebidos do exterior)",199
"200704","(+) Salários (líquidos recebidos do exterior)",198
"200801","(+) Salários (líquidos recebidos do exterior)",203
"200802","(+) Salários (líquidos recebidos do exterior)",234
"200803","(+) Salários (líquidos recebidos do exterior)",124
"200804","(+) Salários (líquidos recebidos do exterior)",480
"200901","(+) Salários (líquidos recebidos do exterior)",408
"200902","(+) Salários (líquidos recebidos do exterior)",324
"200903","(+) Salários (líquidos recebidos do exterior)",245
"200904","(+) Salários (líquidos recebidos do exterior)",241
"201001","(+) Salários (líquidos recebidos do exterior)",236
"201002","(+) Salários (líquidos recebidos do exterior)",243
"201003","(+) Salários (líquidos recebidos do exterior)",192
"201004","(+) Salários (líquidos recebidos do exterior)",208
"201101","(+) Salários (líquidos recebidos do exterior)",219
"201102","(+) Salários (líquidos recebidos do exterior)",225
"201103","(+) Salários (líquidos recebidos do exterior)",268
"201104","(+) Salários (líquidos recebidos do exterior)",236
"201201","(+) Salários (líquidos recebidos do exterior)",208
"201202","(+) Salários (líquidos recebidos do exterior)",309
"201203","(+) Salários (líquidos recebidos do exterior)",240
"201204","(+) Salários (líquidos recebidos do exterior)",244
"201301","(+) Salários (líquidos recebidos do exterior)",213
"201302","(+) Salários (líquidos recebidos do exterior)",308
"201303","(+) Salários (líquidos recebidos do exterior)",285
"201304","(+) Salários (líquidos recebidos do exterior)",300
"201401","(+) Salários (líquidos recebidos do exterior)",230
"201402","(+) Salários (líquidos recebidos do exterior)",184
"201403","(+) Salários (líquidos recebidos do exterior)",172
"201404","(+) Salários (líquidos recebidos do exterior)",259
"201501","(+) Salários (líquidos recebidos do exterior)",260
"201502","(+) Salários (líquidos recebidos do exterior)",298
"201503","(+) Salários (líquidos recebidos do exterior)",302
"201504","(+) Salários (líquidos recebidos do exterior)",298
"201601","(+) Salários (líquidos recebidos do exterior)",234
"201602","(+) Salários (líquidos recebidos do exterior)",256
"201603","(+) Salários (líquidos recebidos do exterior)",257
"201604","(+) Salários (líquidos recebidos do exterior)",260
"201701","(+) Salários (líquidos recebidos do exterior)",211
"201702","(+) Salários (líquidos recebidos do exterior)",154
"201703","(+) Salários (líquidos recebidos do exterior)",222
"201704","(+) Salários (líquidos recebidos do exterior)",320
"201801","(+) Salários (líquidos recebidos do exterior)",226
"201802","(+) Salários (líquidos recebidos do exterior)",189
"201803","(+) Salários (líquidos recebidos do exterior)",254
"201804","(+) Salários (líquidos recebidos do exterior)",235
"201901","(+) Salários (líquidos recebidos do exterior)",301
"201902","(+) Salários (líquidos recebidos do exterior)",97
"201903","(+) Salários (líquidos recebidos do exterior)",219
"201904","(+) Salários (líquidos recebidos do exterior)",142
"202001","(+) Salários (líquidos recebidos do exterior)",175
"202002","(+) Salários (líquidos recebidos do exterior)",144
"202003","(+) Salários (líquidos recebidos do exterior)",161
"202004","(+) Salários (líquidos recebidos do exterior)",112
"202101","(+) Salários (líquidos recebidos do exterior)",127
"202102","(+) Salários (líquidos recebidos do exterior)",68
"202103","(+) Salários (líquidos recebidos do exterior)",185
"202104","(+) Salários (líquidos recebidos do exterior)",163
"202201","(+) Salários (líquidos recebidos do exterior)",60
"202202","(+) Salários (líquidos recebidos do exterior)",119
"202203","(+) Salários (líquidos recebidos do exterior)",190
"202204","(+) Salários (líquidos recebidos do exterior)",156
"202301","(+) Salários (líquidos recebidos do exterior)",263
"202302","(+) Salários (líquidos recebidos do exterior)",199
"202303","(+) Salários (líquidos recebidos do exterior)",386
"202304","(+) Salários (líquidos recebidos do exterior)",600
"202401","(+) Salários (líquidos recebidos do exterior)",630
"202402","(+) Salários (líquidos recebidos do exterior)",543
"202403","(+) Salários (líquidos recebidos do exterior)",703
"202404","(+) Salários (líquidos recebidos do exterior)",779
"202501","(+) Salários (líquidos recebidos do exterior)",805
"202502","(+) Salários (líquidos recebidos do exterior)",377
"202503","(+) Salários (líquidos recebidos do exterior)",434
"202504","(+) Salários (líquidos recebidos do exterior)",424
"202601","(+) Salários (líquidos recebidos do exterior)",323
"202602","(+) Salários (líquidos recebidos do exterior)",432
"200001","(+) Rendas de propriedade (líquidas recebidas do exterior)",-5786
"200002","(+) Rendas de propriedade (líquidas recebidas do exterior)",-11962
"200003","(+) Rendas de propriedade (líquidas recebidas do exterior)",-5888
"200004","(+) Rendas de propriedade (líquidas recebidas do exterior)",-11041
"200101","(+) Rendas de propriedade (líquidas recebidas do exterior)",-8479
"200102","(+) Rendas de propriedade (líquidas recebidas do exterior)",-11688
"200103","(+) Rendas de propriedade (líquidas recebidas do exterior)",-8813
"200104","(+) Rendas de propriedade (líquidas recebidas do exterior)",-13959
"200201","(+) Rendas de propriedade (líquidas recebidas do exterior)",-7713
"200202","(+) Rendas de propriedade (líquidas recebidas do exterior)",-13483
"200203","(+) Rendas de propriedade (líquidas recebidas do exterior)",-10809
"200204","(+) Rendas de propriedade (líquidas recebidas do exterior)",-18269
"200301","(+) Rendas de propriedade (líquidas recebidas do exterior)",-11782
"200302","(+) Rendas de propriedade (líquidas recebidas do exterior)",-15562
"200303","(+) Rendas de propriedade (líquidas recebidas do exterior)",-9948
"200304","(+) Rendas de propriedade (líquidas recebidas do exterior)",-17559
"200401","(+) Rendas de propriedade (líquidas recebidas do exterior)",-13060
"200402","(+) Rendas de propriedade (líquidas recebidas do exterior)",-17073
"200403","(+) Rendas de propriedade (líquidas recebidas do exterior)",-12011
"200404","(+) Rendas de propriedade (líquidas recebidas do exterior)",-16224
"200501","(+) Rendas de propriedade (líquidas recebidas do exterior)",-14252
"200502","(+) Rendas de propriedade (líquidas recebidas do exterior)",-18157
"200503","(+) Rendas de propriedade (líquidas recebidas do exterior)",-14076
"200504","(+) Rendas de propriedade (líquidas recebidas do exterior)",-16791
"200601","(+) Rendas de propriedade (líquidas recebidas do exterior)",-15576
"200602","(+) Rendas de propriedade (líquidas recebidas do exterior)",-16985
"200603","(+) Rendas de propriedade (líquidas recebidas do exterior)",-12125
"200604","(+) Rendas de propriedade (líquidas recebidas do exterior)",-15997
"200701","(+) Rendas de propriedade (líquidas recebidas do exterior)",-14561
"200702","(+) Rendas de propriedade (líquidas recebidas do exterior)",-14944
"200703","(+) Rendas de propriedade (líquidas recebidas do exterior)",-13645
"200704","(+) Rendas de propriedade (líquidas recebidas do exterior)",-15505
"200801","(+) Rendas de propriedade (líquidas recebidas do exterior)",-19907
"200802","(+) Rendas de propriedade (líquidas recebidas do exterior)",-18961
"200803","(+) Rendas de propriedade (líquidas recebidas do exterior)",-19177
"200804","(+) Rendas de propriedade (líquidas recebidas do exterior)",-19250
"200901","(+) Rendas de propriedade (líquidas recebidas do exterior)",-16704
"200902","(+) Rendas de propriedade (líquidas recebidas do exterior)",-19400
"200903","(+) Rendas de propriedade (líquidas recebidas do exterior)",-17623
"200904","(+) Rendas de propriedade (líquidas recebidas do exterior)",-21242
"201001","(+) Rendas de propriedade (líquidas recebidas do exterior)",-29709
"201002","(+) Rendas de propriedade (líquidas recebidas do exterior)",-30593
"201003","(+) Rendas de propriedade (líquidas recebidas do exterior)",-31553
"201004","(+) Rendas de propriedade (líquidas recebidas do exterior)",-29059
"201101","(+) Rendas de propriedade (líquidas recebidas do exterior)",-26555
"201102","(+) Rendas de propriedade (líquidas recebidas do exterior)",-26310
"201103","(+) Rendas de propriedade (líquidas recebidas do exterior)",-30279
"201104","(+) Rendas de propriedade (líquidas recebidas do exterior)",-30264
"201201","(+) Rendas de propriedade (líquidas recebidas do exterior)",-27537
"201202","(+) Rendas de propriedade (líquidas recebidas do exterior)",-27203
"201203","(+) Rendas de propriedade (líquidas recebidas do exterior)",-31173
"201204","(+) Rendas de propriedade (líquidas recebidas do exterior)",-35218
"201301","(+) Rendas de propriedade (líquidas recebidas do exterior)",-19336
"201302","(+) Rendas de propriedade (líquidas recebidas do exterior)",-14614
"201303","(+) Rendas de propriedade (líquidas recebidas do exterior)",-21714
"201304","(+) Rendas de propriedade (líquidas recebidas do exterior)",-19526
"201401","(+) Rendas de propriedade (líquidas recebidas do exterior)",-29087
"201402","(+) Rendas de propriedade (líquidas recebidas do exterior)",-21853
"201403","(+) Rendas de propriedade (líquidas recebidas do exterior)",-27887
"201404","(+) Rendas de propriedade (líquidas recebidas do exterior)",-29705
"201501","(+) Rendas de propriedade (líquidas recebidas do exterior)",-24545
"201502","(+) Rendas de propriedade (líquidas recebidas do exterior)",-27152
"201503","(+) Rendas de propriedade (líquidas recebidas do exterior)",-31473
"201504","(+) Rendas de propriedade (líquidas recebidas do exterior)",-30808
"201601","(+) Rendas de propriedade (líquidas recebidas do exterior)",-39938
"201602","(+) Rendas de propriedade (líquidas recebidas do exterior)",-25975
"201603","(+) Rendas de propriedade (líquidas recebidas do exterior)",-34033
"201604","(+) Rendas de propriedade (líquidas recebidas do exterior)",-34066
"201701","(+) Rendas de propriedade (líquidas recebidas do exterior)",-35593
"201702","(+) Rendas de propriedade (líquidas recebidas do exterior)",-27407
"201703","(+) Rendas de propriedade (líquidas recebidas do exterior)",-31961
"201704","(+) Rendas de propriedade (líquidas recebidas do exterior)",-29063
"201801","(+) Rendas de propriedade (líquidas recebidas do exterior)",-49612
"201802","(+) Rendas de propriedade (líquidas recebidas do exterior)",-39084
"201803","(+) Rendas de propriedade (líquidas recebidas do exterior)",-47962
"201804","(+) Rendas de propriedade (líquidas recebidas do exterior)",-59006
"201901","(+) Rendas de propriedade (líquidas recebidas do exterior)",-39375
"201902","(+) Rendas de propriedade (líquidas recebidas do exterior)",-36885
"201903","(+) Rendas de propriedade (líquidas recebidas do exterior)",-62829
"201904","(+) Rendas de propriedade (líquidas recebidas do exterior)",-60051
"202001","(+) Rendas de propriedade (líquidas recebidas do exterior)",-46120
"202002","(+) Rendas de propriedade (líquidas recebidas do exterior)",-15412
"202003","(+) Rendas de propriedade (líquidas recebidas do exterior)",-49201
"202004","(+) Rendas de propriedade (líquidas recebidas do exterior)",-48620
"202101","(+) Rendas de propriedade (líquidas recebidas do exterior)",-67448
"202102","(+) Rendas de propriedade (líquidas recebidas do exterior)",-47378
"202103","(+) Rendas de propriedade (líquidas recebidas do exterior)",-83592
"202104","(+) Rendas de propriedade (líquidas recebidas do exterior)",-83293
"202201","(+) Rendas de propriedade (líquidas recebidas do exterior)",-60637
"202202","(+) Rendas de propriedade (líquidas recebidas do exterior)",-43327
"202203","(+) Rendas de propriedade (líquidas recebidas do exterior)",-93129
"202204","(+) Rendas de propriedade (líquidas recebidas do exterior)",-95601
"202301","(+) Rendas de propriedade (líquidas recebidas do exterior)",-82510
"202302","(+) Rendas de propriedade (líquidas recebidas do exterior)",-72040
"202303","(+) Rendas de propriedade (líquidas recebidas do exterior)",-90677
"202304","(+) Rendas de propriedade (líquidas recebidas do exterior)",-103460
"202401","(+) Rendas de propriedade (líquidas recebidas do exterior)",-88012
"202402","(+) Rendas de propriedade (líquidas recebidas do exterior)",-81326
"202403","(+) Rendas de propriedade (líquidas recebidas do exterior)",-105398
"202404","(+) Rendas de propriedade (líquidas recebidas do exterior)",-121235
"202501","(+) Rendas de propriedade (líquidas recebidas do exterior)",-98845
"202502","(+) Rendas de propriedade (líquidas recebidas do exterior)",-89034
"202503","(+) Rendas de propriedade (líquidas recebidas do exterior)",-115709
"202504","(+) Rendas de propriedade (líquidas recebidas do exterior)",-112899
"202601","(+) Rendas de propriedade (líquidas recebidas do exterior)",-101651
"202602","(+) Rendas de propriedade (líquidas recebidas do exterior)",-84027
"200001","(=) Renda nacional bruta",271187
"200002","(=) Renda nacional bruta",280861
"200003","(=) Renda nacional bruta",303031
"200004","(=) Renda nacional bruta",309480
"200101","(=) Renda nacional bruta",304055
"200102","(=) Renda nacional bruta",312104
"200103","(=) Renda nacional bruta",323771
"200104","(=) Renda nacional bruta",333106
"200201","(=) Renda nacional bruta",334594
"200202","(=) Renda nacional bruta",353932
"200203","(=) Renda nacional bruta",369103
"200204","(=) Renda nacional bruta",381212
"200301","(=) Renda nacional bruta",385547
"200302","(=) Renda nacional bruta",403495
"200303","(=) Renda nacional bruta",429520
"200304","(=) Renda nacional bruta",444870
"200401","(=) Renda nacional bruta",431901
"200402","(=) Renda nacional bruta",464850
"200403","(=) Renda nacional bruta",493335
"200404","(=) Renda nacional bruta",509827
"200501","(=) Renda nacional bruta",485679
"200502","(=) Renda nacional bruta",517524
"200503","(=) Renda nacional bruta",538870
"200504","(=) Renda nacional bruta",565767
"200601","(=) Renda nacional bruta",538833
"200602","(=) Renda nacional bruta",565065
"200603","(=) Renda nacional bruta",605838
"200604","(=) Renda nacional bruta",639420
"200701","(=) Renda nacional bruta",617097
"200702","(=) Renda nacional bruta",655953
"200703","(=) Renda nacional bruta",678400
"200704","(=) Renda nacional bruta",711033
"200801","(=) Renda nacional bruta",692351
"200802","(=) Renda nacional bruta",750798
"200803","(=) Renda nacional bruta",793550
"200804","(=) Renda nacional bruta",796850
"200901","(=) Renda nacional bruta",739831
"200902","(=) Renda nacional bruta",784501
"200903","(=) Renda nacional bruta",835465
"200904","(=) Renda nacional bruta",899490
"201001","(=) Renda nacional bruta",856925
"201002","(=) Renda nacional bruta",913795
"201003","(=) Renda nacional bruta",966574
"201004","(=) Renda nacional bruta",1028519
"201101","(=) Renda nacional bruta",990195
"201102","(=) Renda nacional bruta",1060627
"201103","(=) Renda nacional bruta",1082323
"201104","(=) Renda nacional bruta",1130777
"201201","(=) Renda nacional bruta",1102145
"201202","(=) Renda nacional bruta",1156231
"201203","(=) Renda nacional bruta",1199517
"201204","(=) Renda nacional bruta",1236738
"201301","(=) Renda nacional bruta",1222491
"201302","(=) Renda nacional bruta",1308274
"201303","(=) Renda nacional bruta",1332705
"201304","(=) Renda nacional bruta",1394065
"201401","(=) Renda nacional bruta",1357124
"201402","(=) Renda nacional bruta",1400653
"201403","(=) Renda nacional bruta",1434410
"201404","(=) Renda nacional bruta",1479079
"201501","(=) Renda nacional bruta",1432373
"201502","(=) Renda nacional bruta",1453115
"201503","(=) Renda nacional bruta",1477056
"201504","(=) Renda nacional bruta",1520420
"201601","(=) Renda nacional bruta",1460595
"201602","(=) Renda nacional bruta",1533331
"201603","(=) Renda nacional bruta",1543394
"201604","(=) Renda nacional bruta",1599002
"201701","(=) Renda nacional bruta",1550292
"201702","(=) Renda nacional bruta",1603477
"201703","(=) Renda nacional bruta",1616897
"201704","(=) Renda nacional bruta",1691698
"201801","(=) Renda nacional bruta",1632697
"201802","(=) Renda nacional bruta",1695205
"201803","(=) Renda nacional bruta",1720148
"201804","(=) Renda nacional bruta",1761332
"201901","(=) Renda nacional bruta",1718479
"201902","(=) Renda nacional bruta",1789972
"201903","(=) Renda nacional bruta",1818000
"201904","(=) Renda nacional bruta",1864297
"202001","(=) Renda nacional bruta",1822150
"202002","(=) Renda nacional bruta",1737456
"202003","(=) Renda nacional bruta",1880283
"202004","(=) Renda nacional bruta",2010948
"202101","(=) Renda nacional bruta",2089349
"202102","(=) Renda nacional bruta",2156329
"202103","(=) Renda nacional bruta",2212443
"202104","(=) Renda nacional bruta",2272853
"202201","(=) Renda nacional bruta",2258952
"202202","(=) Renda nacional bruta",2474274
"202203","(=) Renda nacional bruta",2508243
"202204","(=) Renda nacional bruta",2546040
"202301","(=) Renda nacional bruta",2498772
"202302","(=) Renda nacional bruta",2655738
"202303","(=) Renda nacional bruta",2679155
"202304","(=) Renda nacional bruta",2762442
"202401","(=) Renda nacional bruta",2677451
"202402","(=) Renda nacional bruta",2853976
"202403","(=) Renda nacional bruta",2911242
"202404","(=) Renda nacional bruta",2943268
"202501","(=) Renda nacional bruta",2926682
"202502","(=) Renda nacional bruta",3111688
"202503","(=) Renda nacional bruta",3120433
"202504","(=) Renda nacional bruta",3165315
"202601","(=) Renda nacional bruta",3149651
"202602","(=) Renda nacional bruta",3342133
"200001","(+) Outras transferências correntes (líquidas recebidas do exterior)",608
"200002","(+) Outras transferências correntes (líquidas recebidas do exterior)",687
"200003","(+) Outras transferências correntes (líquidas recebidas do exterior)",647
"200004","(+) Outras transferências correntes (líquidas recebidas do exterior)",809
"200101","(+) Outras transferências correntes (líquidas recebidas do exterior)",775
"200102","(+) Outras transferências correntes (líquidas recebidas do exterior)",880
"200103","(+) Outras transferências correntes (líquidas recebidas do exterior)",1023
"200104","(+) Outras transferências correntes (líquidas recebidas do exterior)",1144
"200201","(+) Outras transferências correntes (líquidas recebidas do exterior)",871
"200202","(+) Outras transferências correntes (líquidas recebidas do exterior)",1380
"200203","(+) Outras transferências correntes (líquidas recebidas do exterior)",2186
"200204","(+) Outras transferências correntes (líquidas recebidas do exterior)",2827
"200301","(+) Outras transferências correntes (líquidas recebidas do exterior)",2148
"200302","(+) Outras transferências correntes (líquidas recebidas do exterior)",1826
"200303","(+) Outras transferências correntes (líquidas recebidas do exterior)",2569
"200304","(+) Outras transferências correntes (líquidas recebidas do exterior)",2206
"200401","(+) Outras transferências correntes (líquidas recebidas do exterior)",2137
"200402","(+) Outras transferências correntes (líquidas recebidas do exterior)",2578
"200403","(+) Outras transferências correntes (líquidas recebidas do exterior)",2302
"200404","(+) Outras transferências correntes (líquidas recebidas do exterior)",2449
"200501","(+) Outras transferências correntes (líquidas recebidas do exterior)",2226
"200502","(+) Outras transferências correntes (líquidas recebidas do exterior)",2081
"200503","(+) Outras transferências correntes (líquidas recebidas do exterior)",2133
"200504","(+) Outras transferências correntes (líquidas recebidas do exterior)",2146
"200601","(+) Outras transferências correntes (líquidas recebidas do exterior)",2059
"200602","(+) Outras transferências correntes (líquidas recebidas do exterior)",2381
"200603","(+) Outras transferências correntes (líquidas recebidas do exterior)",2541
"200604","(+) Outras transferências correntes (líquidas recebidas do exterior)",2346
"200701","(+) Outras transferências correntes (líquidas recebidas do exterior)",1989
"200702","(+) Outras transferências correntes (líquidas recebidas do exterior)",1914
"200703","(+) Outras transferências correntes (líquidas recebidas do exterior)",1910
"200704","(+) Outras transferências correntes (líquidas recebidas do exterior)",1876
"200801","(+) Outras transferências correntes (líquidas recebidas do exterior)",1668
"200802","(+) Outras transferências correntes (líquidas recebidas do exterior)",1445
"200803","(+) Outras transferências correntes (líquidas recebidas do exterior)",1596
"200804","(+) Outras transferências correntes (líquidas recebidas do exterior)",3030
"200901","(+) Outras transferências correntes (líquidas recebidas do exterior)",1923
"200902","(+) Outras transferências correntes (líquidas recebidas do exterior)",1595
"200903","(+) Outras transferências correntes (líquidas recebidas do exterior)",1654
"200904","(+) Outras transferências correntes (líquidas recebidas do exterior)",1234
"201001","(+) Outras transferências correntes (líquidas recebidas do exterior)",1276
"201002","(+) Outras transferências correntes (líquidas recebidas do exterior)",1317
"201003","(+) Outras transferências correntes (líquidas recebidas do exterior)",1071
"201004","(+) Outras transferências correntes (líquidas recebidas do exterior)",1021
"201101","(+) Outras transferências correntes (líquidas recebidas do exterior)",1348
"201102","(+) Outras transferências correntes (líquidas recebidas do exterior)",959
"201103","(+) Outras transferências correntes (líquidas recebidas do exterior)",1029
"201104","(+) Outras transferências correntes (líquidas recebidas do exterior)",1116
"201201","(+) Outras transferências correntes (líquidas recebidas do exterior)",1051
"201202","(+) Outras transferências correntes (líquidas recebidas do exterior)",1328
"201203","(+) Outras transferências correntes (líquidas recebidas do exterior)",1194
"201204","(+) Outras transferências correntes (líquidas recebidas do exterior)",1321
"201301","(+) Outras transferências correntes (líquidas recebidas do exterior)",1590
"201302","(+) Outras transferências correntes (líquidas recebidas do exterior)",1166
"201303","(+) Outras transferências correntes (líquidas recebidas do exterior)",1560
"201304","(+) Outras transferências correntes (líquidas recebidas do exterior)",2881
"201401","(+) Outras transferências correntes (líquidas recebidas do exterior)",1369
"201402","(+) Outras transferências correntes (líquidas recebidas do exterior)",872
"201403","(+) Outras transferências correntes (líquidas recebidas do exterior)",1199
"201404","(+) Outras transferências correntes (líquidas recebidas do exterior)",2195
"201501","(+) Outras transferências correntes (líquidas recebidas do exterior)",1308
"201502","(+) Outras transferências correntes (líquidas recebidas do exterior)",1512
"201503","(+) Outras transferências correntes (líquidas recebidas do exterior)",2171
"201504","(+) Outras transferências correntes (líquidas recebidas do exterior)",3406
"201601","(+) Outras transferências correntes (líquidas recebidas do exterior)",2664
"201602","(+) Outras transferências correntes (líquidas recebidas do exterior)",2317
"201603","(+) Outras transferências correntes (líquidas recebidas do exterior)",1660
"201604","(+) Outras transferências correntes (líquidas recebidas do exterior)",2539
"201701","(+) Outras transferências correntes (líquidas recebidas do exterior)",1308
"201702","(+) Outras transferências correntes (líquidas recebidas do exterior)",1502
"201703","(+) Outras transferências correntes (líquidas recebidas do exterior)",1846
"201704","(+) Outras transferências correntes (líquidas recebidas do exterior)",2601
"201801","(+) Outras transferências correntes (líquidas recebidas do exterior)",-1674
"201802","(+) Outras transferências correntes (líquidas recebidas do exterior)",1388
"201803","(+) Outras transferências correntes (líquidas recebidas do exterior)",-2037
"201804","(+) Outras transferências correntes (líquidas recebidas do exterior)",1142
"201901","(+) Outras transferências correntes (líquidas recebidas do exterior)",-2150
"201902","(+) Outras transferências correntes (líquidas recebidas do exterior)",2471
"201903","(+) Outras transferências correntes (líquidas recebidas do exterior)",2785
"201904","(+) Outras transferências correntes (líquidas recebidas do exterior)",467
"202001","(+) Outras transferências correntes (líquidas recebidas do exterior)",1838
"202002","(+) Outras transferências correntes (líquidas recebidas do exterior)",3336
"202003","(+) Outras transferências correntes (líquidas recebidas do exterior)",3456
"202004","(+) Outras transferências correntes (líquidas recebidas do exterior)",2268
"202101","(+) Outras transferências correntes (líquidas recebidas do exterior)",5626
"202102","(+) Outras transferências correntes (líquidas recebidas do exterior)",2839
"202103","(+) Outras transferências correntes (líquidas recebidas do exterior)",3442
"202104","(+) Outras transferências correntes (líquidas recebidas do exterior)",3908
"202201","(+) Outras transferências correntes (líquidas recebidas do exterior)",3531
"202202","(+) Outras transferências correntes (líquidas recebidas do exterior)",4892
"202203","(+) Outras transferências correntes (líquidas recebidas do exterior)",5170
"202204","(+) Outras transferências correntes (líquidas recebidas do exterior)",3990
"202301","(+) Outras transferências correntes (líquidas recebidas do exterior)",2418
"202302","(+) Outras transferências correntes (líquidas recebidas do exterior)",3147
"202303","(+) Outras transferências correntes (líquidas recebidas do exterior)",3708
"202304","(+) Outras transferências correntes (líquidas recebidas do exterior)",1981
"202401","(+) Outras transferências correntes (líquidas recebidas do exterior)",3892
"202402","(+) Outras transferências correntes (líquidas recebidas do exterior)",4871
"202403","(+) Outras transferências correntes (líquidas recebidas do exterior)",5714
"202404","(+) Outras transferências correntes (líquidas recebidas do exterior)",8349
"202501","(+) Outras transferências correntes (líquidas recebidas do exterior)",5301
"202502","(+) Outras transferências correntes (líquidas recebidas do exterior)",7311
"202503","(+) Outras transferências correntes (líquidas recebidas do exterior)",6555
"202504","(+) Outras transferências correntes (líquidas recebidas do exterior)",9997
"202601","(+) Outras transferências correntes (líquidas recebidas do exterior)",6716
"202602","(+) Outras transferências correntes (líquidas recebidas do exterior)",6588
"200001","(=) Renda nacional disponível bruta",271795
"200002","(=) Renda nacional disponível bruta",281549
"200003","(=) Renda nacional disponível bruta",303678
"200004","(=) Renda nacional disponível bruta",310289
"200101","(=) Renda nacional disponível bruta",304830
"200102","(=) Renda nacional disponível bruta",312984
"200103","(=) Renda nacional disponível bruta",324794
"200104","(=) Renda nacional disponível bruta",334249
"200201","(=) Renda nacional disponível bruta",335465
"200202","(=) Renda nacional disponível bruta",355313
"200203","(=) Renda nacional disponível bruta",371289
"200204","(=) Renda nacional disponível bruta",384039
"200301","(=) Renda nacional disponível bruta",387695
"200302","(=) Renda nacional disponível bruta",405321
"200303","(=) Renda nacional disponível bruta",432089
"200304","(=) Renda nacional disponível bruta",447076
"200401","(=) Renda nacional disponível bruta",434038
"200402","(=) Renda nacional disponível bruta",467428
"200403","(=) Renda nacional disponível bruta",495637
"200404","(=) Renda nacional disponível bruta",512276
"200501","(=) Renda nacional disponível bruta",487904
"200502","(=) Renda nacional disponível bruta",519605
"200503","(=) Renda nacional disponível bruta",541003
"200504","(=) Renda nacional disponível bruta",567913
"200601","(=) Renda nacional disponível bruta",540892
"200602","(=) Renda nacional disponível bruta",567446
"200603","(=) Renda nacional disponível bruta",608378
"200604","(=) Renda nacional disponível bruta",641767
"200701","(=) Renda nacional disponível bruta",619086
"200702","(=) Renda nacional disponível bruta",657866
"200703","(=) Renda nacional disponível bruta",680310
"200704","(=) Renda nacional disponível bruta",712909
"200801","(=) Renda nacional disponível bruta",694020
"200802","(=) Renda nacional disponível bruta",752243
"200803","(=) Renda nacional disponível bruta",795146
"200804","(=) Renda nacional disponível bruta",799879
"200901","(=) Renda nacional disponível bruta",741754
"200902","(=) Renda nacional disponível bruta",786096
"200903","(=) Renda nacional disponível bruta",837120
"200904","(=) Renda nacional disponível bruta",900724
"201001","(=) Renda nacional disponível bruta",858201
"201002","(=) Renda nacional disponível bruta",915112
"201003","(=) Renda nacional disponível bruta",967645
"201004","(=) Renda nacional disponível bruta",1029540
"201101","(=) Renda nacional disponível bruta",991543
"201102","(=) Renda nacional disponível bruta",1061586
"201103","(=) Renda nacional disponível bruta",1083353
"201104","(=) Renda nacional disponível bruta",1131892
"201201","(=) Renda nacional disponível bruta",1103195
"201202","(=) Renda nacional disponível bruta",1157559
"201203","(=) Renda nacional disponível bruta",1200711
"201204","(=) Renda nacional disponível bruta",1238059
"201301","(=) Renda nacional disponível bruta",1224081
"201302","(=) Renda nacional disponível bruta",1309440
"201303","(=) Renda nacional disponível bruta",1334266
"201304","(=) Renda nacional disponível bruta",1396946
"201401","(=) Renda nacional disponível bruta",1358493
"201402","(=) Renda nacional disponível bruta",1401526
"201403","(=) Renda nacional disponível bruta",1435609
"201404","(=) Renda nacional disponível bruta",1481274
"201501","(=) Renda nacional disponível bruta",1433680
"201502","(=) Renda nacional disponível bruta",1454627
"201503","(=) Renda nacional disponível bruta",1479227
"201504","(=) Renda nacional disponível bruta",1523826
"201601","(=) Renda nacional disponível bruta",1463259
"201602","(=) Renda nacional disponível bruta",1535647
"201603","(=) Renda nacional disponível bruta",1545054
"201604","(=) Renda nacional disponível bruta",1601540
"201701","(=) Renda nacional disponível bruta",1551600
"201702","(=) Renda nacional disponível bruta",1604979
"201703","(=) Renda nacional disponível bruta",1618743
"201704","(=) Renda nacional disponível bruta",1694299
"201801","(=) Renda nacional disponível bruta",1631022
"201802","(=) Renda nacional disponível bruta",1696593
"201803","(=) Renda nacional disponível bruta",1718111
"201804","(=) Renda nacional disponível bruta",1762474
"201901","(=) Renda nacional disponível bruta",1716329
"201902","(=) Renda nacional disponível bruta",1792443
"201903","(=) Renda nacional disponível bruta",1820785
"201904","(=) Renda nacional disponível bruta",1864764
"202001","(=) Renda nacional disponível bruta",1823988
"202002","(=) Renda nacional disponível bruta",1740792
"202003","(=) Renda nacional disponível bruta",1883740
"202004","(=) Renda nacional disponível bruta",2013216
"202101","(=) Renda nacional disponível bruta",2094975
"202102","(=) Renda nacional disponível bruta",2159168
"202103","(=) Renda nacional disponível bruta",2215885
"202104","(=) Renda nacional disponível bruta",2276761
"202201","(=) Renda nacional disponível bruta",2262482
"202202","(=) Renda nacional disponível bruta",2479166
"202203","(=) Renda nacional disponível bruta",2513413
"202204","(=) Renda nacional disponível bruta",2550030
"202301","(=) Renda nacional disponível bruta",2501190
"202302","(=) Renda nacional disponível bruta",2658885
"202303","(=) Renda nacional disponível bruta",2682863
"202304","(=) Renda nacional disponível bruta",2764423
"202401","(=) Renda nacional disponível bruta",2681344
"202402","(=) Renda nacional disponível bruta",2858847
"202403","(=) Renda nacional disponível bruta",2916956
"202404","(=) Renda nacional disponível bruta",2951617
"202501","(=) Renda nacional disponível bruta",2931983
"202502","(=) Renda nacional disponível bruta",3118999
"202503","(=) Renda nacional disponível bruta",3126987
"202504","(=) Renda nacional disponível bruta",3175313
"202601","(=) Renda nacional disponível bruta",3156367
"202602","(=) Renda nacional disponível bruta",3348722
"200001","(-) Despesa de consumo final",225242
"200002","(-) Despesa de consumo final",242691
"200003","(-) Despesa de consumo final",254600
"200004","(-) Despesa de consumo final",277037
"200101","(-) Despesa de consumo final",258559
"200102","(-) Despesa de consumo final",268971
"200103","(-) Despesa de consumo final",271473
"200104","(-) Despesa de consumo final",299007
"200201","(-) Despesa de consumo final",281610
"200202","(-) Despesa de consumo final",297315
"200203","(-) Despesa de consumo final",302406
"200204","(-) Despesa de consumo final",335129
"200301","(-) Despesa de consumo final",327618
"200302","(-) Despesa de consumo final",338849
"200303","(-) Despesa de consumo final",349998
"200304","(-) Despesa de consumo final",373738
"200401","(-) Despesa de consumo final",350747
"200402","(-) Despesa de consumo final",369593
"200403","(-) Despesa de consumo final",392242
"200404","(-) Despesa de consumo final",427661
"200501","(-) Despesa de consumo final",398106
"200502","(-) Despesa de consumo final",417687
"200503","(-) Despesa de consumo final",432381
"200504","(-) Despesa de consumo final",475145
"200601","(-) Despesa de consumo final",445993
"200602","(-) Despesa de consumo final",461546
"200603","(-) Despesa de consumo final",480609
"200604","(-) Despesa de consumo final",526800
"200701","(-) Despesa de consumo final",499488
"200702","(-) Despesa de consumo final",524406
"200703","(-) Despesa de consumo final",535485
"200704","(-) Despesa de consumo final",584675
"200801","(-) Despesa de consumo final",562147
"200802","(-) Despesa de consumo final",596255
"200803","(-) Despesa de consumo final",625273
"200804","(-) Despesa de consumo final",659703
"200901","(-) Despesa de consumo final",624785
"200902","(-) Despesa de consumo final",655105
"200903","(-) Despesa de consumo final",691877
"200904","(-) Despesa de consumo final",748230
"201001","(-) Despesa de consumo final",710117
"201002","(-) Despesa de consumo final",741370
"201003","(-) Despesa de consumo final",776672
"201004","(-) Despesa de consumo final",850973
"201101","(-) Despesa de consumo final",801371
"201102","(-) Despesa de consumo final",847669
"201103","(-) Despesa de consumo final",867639
"201104","(-) Despesa de consumo final",938173
"201201","(-) Despesa de consumo final",889241
"201202","(-) Despesa de consumo final",933635
"201203","(-) Despesa de consumo final",969104
"201204","(-) Despesa de consumo final",1057034
"201301","(-) Despesa de consumo final",992201
"201302","(-) Despesa de consumo final",1053018
"201303","(-) Despesa de consumo final",1077511
"201304","(-) Despesa de consumo final",1174968
"201401","(-) Despesa de consumo final",1118311
"201402","(-) Despesa de consumo final",1157549
"201403","(-) Despesa de consumo final",1184934
"201404","(-) Despesa de consumo final",1284484
"201501","(-) Despesa de consumo final",1202883
"201502","(-) Despesa de consumo final",1228775
"201503","(-) Despesa de consumo final",1247522
"201504","(-) Despesa de consumo final",1341789
"201601","(-) Despesa de consumo final",1259341
"201602","(-) Despesa de consumo final",1298883
"201603","(-) Despesa de consumo final",1319292
"201604","(-) Despesa de consumo final",1428264
"201701","(-) Despesa de consumo final",1320381
"201702","(-) Despesa de consumo final",1369267
"201703","(-) Despesa de consumo final",1384763
"201704","(-) Despesa de consumo final",1500606
"201801","(-) Despesa de consumo final",1403946
"201802","(-) Despesa de consumo final",1442215
"201803","(-) Despesa de consumo final",1481576
"201804","(-) Despesa de consumo final",1591543
"201901","(-) Despesa de consumo final",1488207
"201902","(-) Despesa de consumo final",1540054
"201903","(-) Despesa de consumo final",1573198
"201904","(-) Despesa de consumo final",1688733
"202001","(-) Despesa de consumo final",1556252
"202002","(-) Despesa de consumo final",1448584
"202003","(-) Despesa de consumo final",1567147
"202004","(-) Despesa de consumo final",1765225
"202101","(-) Despesa de consumo final",1647266
"202102","(-) Despesa de consumo final",1717795
"202103","(-) Despesa de consumo final",1821389
"202104","(-) Despesa de consumo final",2015657
"202201","(-) Despesa de consumo final",1860369
"202202","(-) Despesa de consumo final",2020722
"202203","(-) Despesa de consumo final",2088649
"202204","(-) Despesa de consumo final",2241801
"202301","(-) Despesa de consumo final",2070711
"202302","(-) Despesa de consumo final",2198357
"202303","(-) Despesa de consumo final",2255698
"202304","(-) Despesa de consumo final",2445158
"202401","(-) Despesa de consumo final",2260405
"202402","(-) Despesa de consumo final",2385875
"202403","(-) Despesa de consumo final",2478600
"202404","(-) Despesa de consumo final",2619614
"202501","(-) Despesa de consumo final",2455381
"202502","(-) Despesa de consumo final",2590349
"202503","(-) Despesa de consumo final",2657157
"202504","(-) Despesa de consumo final",2815861
"202601","(-) Despesa de consumo final",2653674
"202602","(-) Despesa de consumo final",2780558
"200001","(=) Poupança bruta",46553
"200002","(=) Poupança bruta",38858
"200003","(=) Poupança bruta",49078
"200004","(=) Poupança bruta",33252
"200101","(=) Poupança bruta",46271
"200102","(=) Poupança bruta",44013
"200103","(=) Poupança bruta",53321
"200104","(=) Poupança bruta",35242
"200201","(=) Poupança bruta",53855
"200202","(=) Poupança bruta",57998
"200203","(=) Poupança bruta",68882
"200204","(=) Poupança bruta",48911
"200301","(=) Poupança bruta",60078
"200302","(=) Poupança bruta",66472
"200303","(=) Poupança bruta",82091
"200304","(=) Poupança bruta",73339
"200401","(=) Poupança bruta",83291
"200402","(=) Poupança bruta",97835
"200403","(=) Poupança bruta",103394
"200404","(=) Poupança bruta",84614
"200501","(=) Poupança bruta",89798
"200502","(=) Poupança bruta",101919
"200503","(=) Poupança bruta",108622
"200504","(=) Poupança bruta",92768
"200601","(=) Poupança bruta",94899
"200602","(=) Poupança bruta",105900
"200603","(=) Poupança bruta",127769
"200604","(=) Poupança bruta",114966
"200701","(=) Poupança bruta",119598
"200702","(=) Poupança bruta",133460
"200703","(=) Poupança bruta",144824
"200704","(=) Poupança bruta",128233
"200801","(=) Poupança bruta",131873
"200802","(=) Poupança bruta",155988
"200803","(=) Poupança bruta",169873
"200804","(=) Poupança bruta",140177
"200901","(=) Poupança bruta",116969
"200902","(=) Poupança bruta",130991
"200903","(=) Poupança bruta",145243
"200904","(=) Poupança bruta",152494
"201001","(=) Poupança bruta",148084
"201002","(=) Poupança bruta",173742
"201003","(=) Poupança bruta",190972
"201004","(=) Poupança bruta",178566
"201101","(=) Poupança bruta",190172
"201102","(=) Poupança bruta",213918
"201103","(=) Poupança bruta",215713
"201104","(=) Poupança bruta",193720
"201201","(=) Poupança bruta",213954
"201202","(=) Poupança bruta",223924
"201203","(=) Poupança bruta",231607
"201204","(=) Poupança bruta",181025
"201301","(=) Poupança bruta",231880
"201302","(=) Poupança bruta",256422
"201303","(=) Poupança bruta",256755
"201304","(=) Poupança bruta",221978
"201401","(=) Poupança bruta",240182
"201402","(=) Poupança bruta",243977
"201403","(=) Poupança bruta",250675
"201404","(=) Poupança bruta",196790
"201501","(=) Poupança bruta",230798
"201502","(=) Poupança bruta",225852
"201503","(=) Poupança bruta",231705
"201504","(=) Poupança bruta",182037
"201601","(=) Poupança bruta",203918
"201602","(=) Poupança bruta",236764
"201603","(=) Poupança bruta",225762
"201604","(=) Poupança bruta",173276
"201701","(=) Poupança bruta",231219
"201702","(=) Poupança bruta",235712
"201703","(=) Poupança bruta",233980
"201704","(=) Poupança bruta",193692
"201801","(=) Poupança bruta",227076
"201802","(=) Poupança bruta",254377
"201803","(=) Poupança bruta",236535
"201804","(=) Poupança bruta",170931
"201901","(=) Poupança bruta",228122
"201902","(=) Poupança bruta",252390
"201903","(=) Poupança bruta",247587
"201904","(=) Poupança bruta",176031
"202001","(=) Poupança bruta",267736
"202002","(=) Poupança bruta",292208
"202003","(=) Poupança bruta",316593
"202004","(=) Poupança bruta",247991
"202101","(=) Poupança bruta",447709
"202102","(=) Poupança bruta",441373
"202103","(=) Poupança bruta",394496
"202104","(=) Poupança bruta",261104
"202201","(=) Poupança bruta",402113
"202202","(=) Poupança bruta",458443
"202203","(=) Poupança bruta",424765
"202204","(=) Poupança bruta",308229
"202301","(=) Poupança bruta",430479
"202302","(=) Poupança bruta",460528
"202303","(=) Poupança bruta",427165
"202304","(=) Poupança bruta",319264
"202401","(=) Poupança bruta",420939
"202402","(=) Poupança bruta",472972
"202403","(=) Poupança bruta",438356
"202404","(=) Poupança bruta",332003
"202501","(=) Poupança bruta",476602
"202502","(=) Poupança bruta",528650
"202503","(=) Poupança bruta",469830
"202504","(=) Poupança bruta",359452
"202601","(=) Poupança bruta",502692
"202602","(=) Poupança bruta",568163
"200001","(-) Formação bruta de capital",56390
"200002","(-) Formação bruta de capital",54842
"200003","(-) Formação bruta de capital",60684
"200004","(-) Formação bruta de capital",54750
"200101","(-) Formação bruta de capital",63236
"200102","(-) Formação bruta de capital",62493
"200103","(-) Formação bruta de capital",66873
"200104","(-) Formação bruta de capital",53996
"200201","(-) Formação bruta de capital",64610
"200202","(-) Formação bruta de capital",73396
"200203","(-) Formação bruta de capital",67677
"200204","(-) Formação bruta de capital",54097
"200301","(-) Formação bruta de capital",64609
"200302","(-) Formação bruta de capital",70451
"200303","(-) Formação bruta de capital",76989
"200304","(-) Formação bruta de capital",77540
"200401","(-) Formação bruta de capital",82393
"200402","(-) Formação bruta de capital",92771
"200403","(-) Formação bruta de capital",92015
"200404","(-) Formação bruta de capital",83505
"200501","(-) Formação bruta de capital",86167
"200502","(-) Formação bruta de capital",100078
"200503","(-) Formação bruta de capital",98516
"200504","(-) Formação bruta de capital",88685
"200601","(-) Formação bruta de capital",95016
"200602","(-) Formação bruta de capital",107401
"200603","(-) Formação bruta de capital",115188
"200604","(-) Formação bruta de capital",111674
"200701","(-) Formação bruta de capital",122844
"200702","(-) Formação bruta de capital",134184
"200703","(-) Formação bruta de capital",146466
"200704","(-) Formação bruta de capital",135644
"200801","(-) Formação bruta de capital",155876
"200802","(-) Formação bruta de capital",173638
"200803","(-) Formação bruta de capital",186191
"200804","(-) Formação bruta de capital",156615
"200901","(-) Formação bruta de capital",137695
"200902","(-) Formação bruta de capital",143477
"200903","(-) Formação bruta de capital",163923
"200904","(-) Formação bruta de capital",181387
"201001","(-) Formação bruta de capital",190753
"201002","(-) Formação bruta de capital",208662
"201003","(-) Formação bruta de capital",233885
"201004","(-) Formação bruta de capital",213866
"201101","(-) Formação bruta de capital",227789
"201102","(-) Formação bruta de capital",245002
"201103","(-) Formação bruta de capital",249188
"201104","(-) Formação bruta de capital",233222
"201201","(-) Formação bruta de capital",258238
"201202","(-) Formação bruta de capital",263918
"201203","(-) Formação bruta de capital",270856
"201204","(-) Formação bruta de capital",238175
"201301","(-) Formação bruta de capital",288371
"201302","(-) Formação bruta de capital",294638
"201303","(-) Formação bruta de capital",308632
"201304","(-) Formação bruta de capital",264987
"201401","(-) Formação bruta de capital",314084
"201402","(-) Formação bruta de capital",292230
"201403","(-) Formação bruta de capital",309970
"201404","(-) Formação bruta de capital",271199
"201501","(-) Formação bruta de capital",302151
"201502","(-) Formação bruta de capital",266276
"201503","(-) Formação bruta de capital",267812
"201504","(-) Formação bruta de capital",207725
"201601","(-) Formação bruta de capital",241413
"201602","(-) Formação bruta de capital",244783
"201603","(-) Formação bruta de capital",249579
"201604","(-) Formação bruta de capital",202715
"201701","(-) Formação bruta de capital",256966
"201702","(-) Formação bruta de capital",230223
"201703","(-) Formação bruta de capital",253689
"201704","(-) Formação bruta de capital",222286
"201801","(-) Formação bruta de capital",277544
"201802","(-) Formação bruta de capital",269986
"201803","(-) Formação bruta de capital",288910
"201804","(-) Formação bruta de capital",220838
"201901","(-) Formação bruta de capital",283239
"201902","(-) Formação bruta de capital",282696
"201903","(-) Formação bruta de capital",329480
"201904","(-) Formação bruta de capital",251140
"202001","(-) Formação bruta de capital",350657
"202002","(-) Formação bruta de capital",256148
"202003","(-) Formação bruta de capital",310641
"202004","(-) Formação bruta de capital",308903
"202101","(-) Formação bruta de capital",558111
"202102","(-) Formação bruta de capital",396312
"202103","(-) Formação bruta de capital",432366
"202104","(-) Formação bruta de capital",372551
"202201","(-) Formação bruta de capital",463568
"202202","(-) Formação bruta de capital",454877
"202203","(-) Formação bruta de capital",511925
"202204","(-) Formação bruta de capital",392864
"202301","(-) Formação bruta de capital",478124
"202302","(-) Formação bruta de capital",443471
"202303","(-) Formação bruta de capital",444722
"202304","(-) Formação bruta de capital",358426
"202401","(-) Formação bruta de capital",485073
"202402","(-) Formação bruta de capital",511460
"202403","(-) Formação bruta de capital",546447
"202404","(-) Formação bruta de capital",457305
"202501","(-) Formação bruta de capital",606819
"202502","(-) Formação bruta de capital",581587
"202503","(-) Formação bruta de capital",575334
"202504","(-) Formação bruta de capital",411497
"202601","(-) Formação bruta de capital",608267
"202602","(-) Formação bruta de capital",603642
"200001","(+) Cessão de ativos não financeiros não produzidos (aquisições líquidas)",6
"200002","(+) Cessão de ativos não financeiros não produzidos (aquisições líquidas)",60
"200003","(+) Cessão de ativos não financeiros não produzidos (aquisições líquidas)",103
"200004","(+) Cessão de ativos não financeiros não produzidos (aquisições líquidas)",65
"200101","(+) Cessão de ativos não financeiros não produzidos (aquisições líquidas)",24
"200102","(+) Cessão de ativos não financeiros não produzidos (aquisições líquidas)",149
"200103","(+) Cessão de ativos não financeiros não produzidos (aquisições líquidas)",40
"200104","(+) Cessão de ativos não financeiros não produzidos (aquisições líquidas)",34
"200201","(+) Cessão de ativos não financeiros não produzidos (aquisições líquidas)",21
"200202","(+) Cessão de ativos não financeiros não produzidos (aquisições líquidas)",92
"200203","(+) Cessão de ativos não financeiros não produzidos (aquisições líquidas)",70
"200204","(+) Cessão de ativos não financeiros não produzidos (aquisições líquidas)",42
"200301","(+) Cessão de ativos não financeiros não produzidos (aquisições líquidas)",11
"200302","(+) Cessão de ativos não financeiros não produzidos (aquisições líquidas)",88
"200303","(+) Cessão de ativos não financeiros não produzidos (aquisições líquidas)",70
"200304","(+) Cessão de ativos não financeiros não produzidos (aquisições líquidas)",74
"200401","(+) Cessão de ativos não financeiros não produzidos (aquisições líquidas)",32
"200402","(+) Cessão de ativos não financeiros não produzidos (aquisições líquidas)",94
"200403","(+) Cessão de ativos não financeiros não produzidos (aquisições líquidas)",95
"200404","(+) Cessão de ativos não financeiros não produzidos (aquisições líquidas)",125
"200501","(+) Cessão de ativos não financeiros não produzidos (aquisições líquidas)",49
"200502","(+) Cessão de ativos não financeiros não produzidos (aquisições líquidas)",84
"200503","(+) Cessão de ativos não financeiros não produzidos (aquisições líquidas)",125
"200504","(+) Cessão de ativos não financeiros não produzidos (aquisições líquidas)",66
"200601","(+) Cessão de ativos não financeiros não produzidos (aquisições líquidas)",33
"200602","(+) Cessão de ativos não financeiros não produzidos (aquisições líquidas)",92
"200603","(+) Cessão de ativos não financeiros não produzidos (aquisições líquidas)",81
"200604","(+) Cessão de ativos não financeiros não produzidos (aquisições líquidas)",46
"200701","(+) Cessão de ativos não financeiros não produzidos (aquisições líquidas)",46
"200702","(+) Cessão de ativos não financeiros não produzidos (aquisições líquidas)",234
"200703","(+) Cessão de ativos não financeiros não produzidos (aquisições líquidas)",66
"200704","(+) Cessão de ativos não financeiros não produzidos (aquisições líquidas)",129
"200801","(+) Cessão de ativos não financeiros não produzidos (aquisições líquidas)",21
"200802","(+) Cessão de ativos não financeiros não produzidos (aquisições líquidas)",137
"200803","(+) Cessão de ativos não financeiros não produzidos (aquisições líquidas)",96
"200804","(+) Cessão de ativos não financeiros não produzidos (aquisições líquidas)",76
"200901","(+) Cessão de ativos não financeiros não produzidos (aquisições líquidas)",32
"200902","(+) Cessão de ativos não financeiros não produzidos (aquisições líquidas)",156
"200903","(+) Cessão de ativos não financeiros não produzidos (aquisições líquidas)",54
"200904","(+) Cessão de ativos não financeiros não produzidos (aquisições líquidas)",110
"201001","(+) Cessão de ativos não financeiros não produzidos (aquisições líquidas)",152
"201002","(+) Cessão de ativos não financeiros não produzidos (aquisições líquidas)",55
"201003","(+) Cessão de ativos não financeiros não produzidos (aquisições líquidas)",181
"201004","(+) Cessão de ativos não financeiros não produzidos (aquisições líquidas)",15
"201101","(+) Cessão de ativos não financeiros não produzidos (aquisições líquidas)",105
"201102","(+) Cessão de ativos não financeiros não produzidos (aquisições líquidas)",24
"201103","(+) Cessão de ativos não financeiros não produzidos (aquisições líquidas)",201
"201104","(+) Cessão de ativos não financeiros não produzidos (aquisições líquidas)",67
"201201","(+) Cessão de ativos não financeiros não produzidos (aquisições líquidas)",49
"201202","(+) Cessão de ativos não financeiros não produzidos (aquisições líquidas)",68
"201203","(+) Cessão de ativos não financeiros não produzidos (aquisições líquidas)",197
"201204","(+) Cessão de ativos não financeiros não produzidos (aquisições líquidas)",47
"201301","(+) Cessão de ativos não financeiros não produzidos (aquisições líquidas)",182
"201302","(+) Cessão de ativos não financeiros não produzidos (aquisições líquidas)",68
"201303","(+) Cessão de ativos não financeiros não produzidos (aquisições líquidas)",300
"201304","(+) Cessão de ativos não financeiros não produzidos (aquisições líquidas)",102
"201401","(+) Cessão de ativos não financeiros não produzidos (aquisições líquidas)",181
"201402","(+) Cessão de ativos não financeiros não produzidos (aquisições líquidas)",4
"201403","(+) Cessão de ativos não financeiros não produzidos (aquisições líquidas)",73
"201404","(+) Cessão de ativos não financeiros não produzidos (aquisições líquidas)",133
"201501","(+) Cessão de ativos não financeiros não produzidos (aquisições líquidas)",182
"201502","(+) Cessão de ativos não financeiros não produzidos (aquisições líquidas)",72
"201503","(+) Cessão de ativos não financeiros não produzidos (aquisições líquidas)",442
"201504","(+) Cessão de ativos não financeiros não produzidos (aquisições líquidas)",646
"201601","(+) Cessão de ativos não financeiros não produzidos (aquisições líquidas)",276
"201602","(+) Cessão de ativos não financeiros não produzidos (aquisições líquidas)",-2
"201603","(+) Cessão de ativos não financeiros não produzidos (aquisições líquidas)",185
"201604","(+) Cessão de ativos não financeiros não produzidos (aquisições líquidas)",225
"201701","(+) Cessão de ativos não financeiros não produzidos (aquisições líquidas)",264
"201702","(+) Cessão de ativos não financeiros não produzidos (aquisições líquidas)",127
"201703","(+) Cessão de ativos não financeiros não produzidos (aquisições líquidas)",398
"201704","(+) Cessão de ativos não financeiros não produzidos (aquisições líquidas)",136
"201801","(+) Cessão de ativos não financeiros não produzidos (aquisições líquidas)",207
"201802","(+) Cessão de ativos não financeiros não produzidos (aquisições líquidas)",204
"201803","(+) Cessão de ativos não financeiros não produzidos (aquisições líquidas)",649
"201804","(+) Cessão de ativos não financeiros não produzidos (aquisições líquidas)",198
"201901","(+) Cessão de ativos não financeiros não produzidos (aquisições líquidas)",301
"201902","(+) Cessão de ativos não financeiros não produzidos (aquisições líquidas)",113
"201903","(+) Cessão de ativos não financeiros não produzidos (aquisições líquidas)",502
"201904","(+) Cessão de ativos não financeiros não produzidos (aquisições líquidas)",156
"202001","(+) Cessão de ativos não financeiros não produzidos (aquisições líquidas)",352
"202002","(+) Cessão de ativos não financeiros não produzidos (aquisições líquidas)",155
"202003","(+) Cessão de ativos não financeiros não produzidos (aquisições líquidas)",551
"202004","(+) Cessão de ativos não financeiros não produzidos (aquisições líquidas)",-335
"202101","(+) Cessão de ativos não financeiros não produzidos (aquisições líquidas)",233
"202102","(+) Cessão de ativos não financeiros não produzidos (aquisições líquidas)",108
"202103","(+) Cessão de ativos não financeiros não produzidos (aquisições líquidas)",415
"202104","(+) Cessão de ativos não financeiros não produzidos (aquisições líquidas)",226
"202201","(+) Cessão de ativos não financeiros não produzidos (aquisições líquidas)",368
"202202","(+) Cessão de ativos não financeiros não produzidos (aquisições líquidas)",-104
"202203","(+) Cessão de ativos não financeiros não produzidos (aquisições líquidas)",481
"202204","(+) Cessão de ativos não financeiros não produzidos (aquisições líquidas)",170
"202301","(+) Cessão de ativos não financeiros não produzidos (aquisições líquidas)",468
"202302","(+) Cessão de ativos não financeiros não produzidos (aquisições líquidas)",137
"202303","(+) Cessão de ativos não financeiros não produzidos (aquisições líquidas)",528
"202304","(+) Cessão de ativos não financeiros não produzidos (aquisições líquidas)",146
"202401","(+) Cessão de ativos não financeiros não produzidos (aquisições líquidas)",298
"202402","(+) Cessão de ativos não financeiros não produzidos (aquisições líquidas)",32
"202403","(+) Cessão de ativos não financeiros não produzidos (aquisições líquidas)",666
"202404","(+) Cessão de ativos não financeiros não produzidos (aquisições líquidas)",1391
"202501","(+) Cessão de ativos não financeiros não produzidos (aquisições líquidas)",1238
"202502","(+) Cessão de ativos não financeiros não produzidos (aquisições líquidas)",-198
"202503","(+) Cessão de ativos não financeiros não produzidos (aquisições líquidas)",721
"202504","(+) Cessão de ativos não financeiros não produzidos (aquisições líquidas)",-316
"202601","(+) Cessão de ativos não financeiros não produzidos (aquisições líquidas)",-436
"202602","(+) Cessão de ativos não financeiros não produzidos (aquisições líquidas)",-893
"200001","(+) Transferências de capital (líquidas recebidas do exterior)",0
"200002","(+) Transferências de capital (líquidas recebidas do exterior)",0
"200003","(+) Transferências de capital (líquidas recebidas do exterior)",0
"200004","(+) Transferências de capital (líquidas recebidas do exterior)",0
"200101","(+) Transferências de capital (líquidas recebidas do exterior)",0
"200102","(+) Transferências de capital (líquidas recebidas do exterior)",0
"200103","(+) Transferências de capital (líquidas recebidas do exterior)",0
"200104","(+) Transferências de capital (líquidas recebidas do exterior)",0
"200201","(+) Transferências de capital (líquidas recebidas do exterior)",0
"200202","(+) Transferências de capital (líquidas recebidas do exterior)",0
"200203","(+) Transferências de capital (líquidas recebidas do exterior)",0
"200204","(+) Transferências de capital (líquidas recebidas do exterior)",0
"200301","(+) Transferências de capital (líquidas recebidas do exterior)",0
"200302","(+) Transferências de capital (líquidas recebidas do exterior)",0
"200303","(+) Transferências de capital (líquidas recebidas do exterior)",0
"200304","(+) Transferências de capital (líquidas recebidas do exterior)",0
"200401","(+) Transferências de capital (líquidas recebidas do exterior)",34
"200402","(+) Transferências de capital (líquidas recebidas do exterior)",18
"200403","(+) Transferências de capital (líquidas recebidas do exterior)",-1071
"200404","(+) Transferências de capital (líquidas recebidas do exterior)",18
"200501","(+) Transferências de capital (líquidas recebidas do exterior)",36
"200502","(+) Transferências de capital (líquidas recebidas do exterior)",232
"200503","(+) Transferências de capital (líquidas recebidas do exterior)",69
"200504","(+) Transferências de capital (líquidas recebidas do exterior)",-196
"200601","(+) Transferências de capital (líquidas recebidas do exterior)",6
"200602","(+) Transferências de capital (líquidas recebidas do exterior)",17
"200603","(+) Transferências de capital (líquidas recebidas do exterior)",-2
"200604","(+) Transferências de capital (líquidas recebidas do exterior)",119
"200701","(+) Transferências de capital (líquidas recebidas do exterior)",0
"200702","(+) Transferências de capital (líquidas recebidas do exterior)",0
"200703","(+) Transferências de capital (líquidas recebidas do exterior)",0
"200704","(+) Transferências de capital (líquidas recebidas do exterior)",0
"200801","(+) Transferências de capital (líquidas recebidas do exterior)",12
"200802","(+) Transferências de capital (líquidas recebidas do exterior)",-66
"200803","(+) Transferências de capital (líquidas recebidas do exterior)",1
"200804","(+) Transferências de capital (líquidas recebidas do exterior)",-11
"200901","(+) Transferências de capital (líquidas recebidas do exterior)",29
"200902","(+) Transferências de capital (líquidas recebidas do exterior)",-3
"200903","(+) Transferências de capital (líquidas recebidas do exterior)",2
"200904","(+) Transferências de capital (líquidas recebidas do exterior)",72
"201001","(+) Transferências de capital (líquidas recebidas do exterior)",-13
"201002","(+) Transferências de capital (líquidas recebidas do exterior)",6
"201003","(+) Transferências de capital (líquidas recebidas do exterior)",26
"201004","(+) Transferências de capital (líquidas recebidas do exterior)",6
"201101","(+) Transferências de capital (líquidas recebidas do exterior)",19
"201102","(+) Transferências de capital (líquidas recebidas do exterior)",27
"201103","(+) Transferências de capital (líquidas recebidas do exterior)",-19
"201104","(+) Transferências de capital (líquidas recebidas do exterior)",1
"201201","(+) Transferências de capital (líquidas recebidas do exterior)",2
"201202","(+) Transferências de capital (líquidas recebidas do exterior)",16
"201203","(+) Transferências de capital (líquidas recebidas do exterior)",18
"201204","(+) Transferências de capital (líquidas recebidas do exterior)",17
"201301","(+) Transferências de capital (líquidas recebidas do exterior)",15
"201302","(+) Transferências de capital (líquidas recebidas do exterior)",5
"201303","(+) Transferências de capital (líquidas recebidas do exterior)",21
"201304","(+) Transferências de capital (líquidas recebidas do exterior)",10
"201401","(+) Transferências de capital (líquidas recebidas do exterior)",19
"201402","(+) Transferências de capital (líquidas recebidas do exterior)",33
"201403","(+) Transferências de capital (líquidas recebidas do exterior)",63
"201404","(+) Transferências de capital (líquidas recebidas do exterior)",50
"201501","(+) Transferências de capital (líquidas recebidas do exterior)",41
"201502","(+) Transferências de capital (líquidas recebidas do exterior)",125
"201503","(+) Transferências de capital (líquidas recebidas do exterior)",84
"201504","(+) Transferências de capital (líquidas recebidas do exterior)",4
"201601","(+) Transferências de capital (líquidas recebidas do exterior)",70
"201602","(+) Transferências de capital (líquidas recebidas do exterior)",88
"201603","(+) Transferências de capital (líquidas recebidas do exterior)",94
"201604","(+) Transferências de capital (líquidas recebidas do exterior)",20
"201701","(+) Transferências de capital (líquidas recebidas do exterior)",114
"201702","(+) Transferências de capital (líquidas recebidas do exterior)",65
"201703","(+) Transferências de capital (líquidas recebidas do exterior)",65
"201704","(+) Transferências de capital (líquidas recebidas do exterior)",34
"201801","(+) Transferências de capital (líquidas recebidas do exterior)",149
"201802","(+) Transferências de capital (líquidas recebidas do exterior)",87
"201803","(+) Transferências de capital (líquidas recebidas do exterior)",86
"201804","(+) Transferências de capital (líquidas recebidas do exterior)",31
"201901","(+) Transferências de capital (líquidas recebidas do exterior)",70
"201902","(+) Transferências de capital (líquidas recebidas do exterior)",79
"201903","(+) Transferências de capital (líquidas recebidas do exterior)",149
"201904","(+) Transferências de capital (líquidas recebidas do exterior)",76
"202001","(+) Transferências de capital (líquidas recebidas do exterior)",191
"202002","(+) Transferências de capital (líquidas recebidas do exterior)",202
"202003","(+) Transferências de capital (líquidas recebidas do exterior)",111
"202004","(+) Transferências de capital (líquidas recebidas do exterior)",20057
"202101","(+) Transferências de capital (líquidas recebidas do exterior)",133
"202102","(+) Transferências de capital (líquidas recebidas do exterior)",-24
"202103","(+) Transferências de capital (líquidas recebidas do exterior)",44
"202104","(+) Transferências de capital (líquidas recebidas do exterior)",77
"202201","(+) Transferências de capital (líquidas recebidas do exterior)",77
"202202","(+) Transferências de capital (líquidas recebidas do exterior)",101
"202203","(+) Transferências de capital (líquidas recebidas do exterior)",136
"202204","(+) Transferências de capital (líquidas recebidas do exterior)",46
"202301","(+) Transferências de capital (líquidas recebidas do exterior)",98
"202302","(+) Transferências de capital (líquidas recebidas do exterior)",110
"202303","(+) Transferências de capital (líquidas recebidas do exterior)",115
"202304","(+) Transferências de capital (líquidas recebidas do exterior)",44
"202401","(+) Transferências de capital (líquidas recebidas do exterior)",23
"202402","(+) Transferências de capital (líquidas recebidas do exterior)",30
"202403","(+) Transferências de capital (líquidas recebidas do exterior)",31
"202404","(+) Transferências de capital (líquidas recebidas do exterior)",40
"202501","(+) Transferências de capital (líquidas recebidas do exterior)",33
"202502","(+) Transferências de capital (líquidas recebidas do exterior)",39
"202503","(+) Transferências de capital (líquidas recebidas do exterior)",31
"202504","(+) Transferências de capital (líquidas recebidas do exterior)",36
"202601","(+) Transferências de capital (líquidas recebidas do exterior)",31
"202602","(+) Transferências de capital (líquidas recebidas do exterior)",26
"200001","(=) Capacidade / necessidade líquida de financiamento",-9831
"200002","(=) Capacidade / necessidade líquida de financiamento",-15924
"200003","(=) Capacidade / necessidade líquida de financiamento",-11502
"200004","(=) Capacidade / necessidade líquida de financiamento",-21433
"200101","(=) Capacidade / necessidade líquida de financiamento",-16941
"200102","(=) Capacidade / necessidade líquida de financiamento",-18331
"200103","(=) Capacidade / necessidade líquida de financiamento",-13512
"200104","(=) Capacidade / necessidade líquida de financiamento",-18720
"200201","(=) Capacidade / necessidade líquida de financiamento",-10734
"200202","(=) Capacidade / necessidade líquida de financiamento",-15307
"200203","(=) Capacidade / necessidade líquida de financiamento",1276
"200204","(=) Capacidade / necessidade líquida de financiamento",-5145
"200301","(=) Capacidade / necessidade líquida de financiamento",-4521
"200302","(=) Capacidade / necessidade líquida de financiamento",-3890
"200303","(=) Capacidade / necessidade líquida de financiamento",5172
"200304","(=) Capacidade / necessidade líquida de financiamento",-4128
"200401","(=) Capacidade / necessidade líquida de financiamento",964
"200402","(=) Capacidade / necessidade líquida de financiamento",5176
"200403","(=) Capacidade / necessidade líquida de financiamento",10404
"200404","(=) Capacidade / necessidade líquida de financiamento",1253
"200501","(=) Capacidade / necessidade líquida de financiamento",3716
"200502","(=) Capacidade / necessidade líquida de financiamento",2157
"200503","(=) Capacidade / necessidade líquida de financiamento",10300
"200504","(=) Capacidade / necessidade líquida de financiamento",3953
"200601","(=) Capacidade / necessidade líquida de financiamento",-78
"200602","(=) Capacidade / necessidade líquida de financiamento",-1392
"200603","(=) Capacidade / necessidade líquida de financiamento",12660
"200604","(=) Capacidade / necessidade líquida de financiamento",3457
"200701","(=) Capacidade / necessidade líquida de financiamento",-3200
"200702","(=) Capacidade / necessidade líquida de financiamento",-490
"200703","(=) Capacidade / necessidade líquida de financiamento",-1576
"200704","(=) Capacidade / necessidade líquida de financiamento",-7281
"200801","(=) Capacidade / necessidade líquida de financiamento",-23970
"200802","(=) Capacidade / necessidade líquida de financiamento",-17579
"200803","(=) Capacidade / necessidade líquida de financiamento",-16221
"200804","(=) Capacidade / necessidade líquida de financiamento",-16374
"200901","(=) Capacidade / necessidade líquida de financiamento",-20665
"200902","(=) Capacidade / necessidade líquida de financiamento",-12333
"200903","(=) Capacidade / necessidade líquida de financiamento",-18625
"200904","(=) Capacidade / necessidade líquida de financiamento",-28711
"201001","(=) Capacidade / necessidade líquida de financiamento",-42530
"201002","(=) Capacidade / necessidade líquida de financiamento",-34860
"201003","(=) Capacidade / necessidade líquida de financiamento",-42706
"201004","(=) Capacidade / necessidade líquida de financiamento",-35279
"201101","(=) Capacidade / necessidade líquida de financiamento",-37493
"201102","(=) Capacidade / necessidade líquida de financiamento",-31034
"201103","(=) Capacidade / necessidade líquida de financiamento",-33292
"201104","(=) Capacidade / necessidade líquida de financiamento",-39434
"201201","(=) Capacidade / necessidade líquida de financiamento",-44233
"201202","(=) Capacidade / necessidade líquida de financiamento",-39910
"201203","(=) Capacidade / necessidade líquida de financiamento",-39034
"201204","(=) Capacidade / necessidade líquida de financiamento",-57087
"201301","(=) Capacidade / necessidade líquida de financiamento",-56294
"201302","(=) Capacidade / necessidade líquida de financiamento",-38143
"201303","(=) Capacidade / necessidade líquida de financiamento",-51556
"201304","(=) Capacidade / necessidade líquida de financiamento",-42897
"201401","(=) Capacidade / necessidade líquida de financiamento",-73703
"201402","(=) Capacidade / necessidade líquida de financiamento",-48217
"201403","(=) Capacidade / necessidade líquida de financiamento",-59159
"201404","(=) Capacidade / necessidade líquida de financiamento",-74226
"201501","(=) Capacidade / necessidade líquida de financiamento",-71130
"201502","(=) Capacidade / necessidade líquida de financiamento",-40225
"201503","(=) Capacidade / necessidade líquida de financiamento",-35581
"201504","(=) Capacidade / necessidade líquida de financiamento",-25039
"201601","(=) Capacidade / necessidade líquida de financiamento",-37150
"201602","(=) Capacidade / necessidade líquida de financiamento",-7933
"201603","(=) Capacidade / necessidade líquida de financiamento",-23538
"201604","(=) Capacidade / necessidade líquida de financiamento",-29193
"201701","(=) Capacidade / necessidade líquida de financiamento",-25369
"201702","(=) Capacidade / necessidade líquida de financiamento",5682
"201703","(=) Capacidade / necessidade líquida de financiamento",-19245
"201704","(=) Capacidade / necessidade líquida de financiamento",-28424
"201801","(=) Capacidade / necessidade líquida de financiamento",-50112
"201802","(=) Capacidade / necessidade líquida de financiamento",-15318
"201803","(=) Capacidade / necessidade líquida de financiamento",-51640
"201804","(=) Capacidade / necessidade líquida de financiamento",-49679
"201901","(=) Capacidade / necessidade líquida de financiamento",-54745
"201902","(=) Capacidade / necessidade líquida de financiamento",-30114
"201903","(=) Capacidade / necessidade líquida de financiamento",-81242
"201904","(=) Capacidade / necessidade líquida de financiamento",-74877
"202001","(=) Capacidade / necessidade líquida de financiamento",-82378
"202002","(=) Capacidade / necessidade líquida de financiamento",36417
"202003","(=) Capacidade / necessidade líquida de financiamento",6614
"202004","(=) Capacidade / necessidade líquida de financiamento",-41191
"202101","(=) Capacidade / necessidade líquida de financiamento",-110036
"202102","(=) Capacidade / necessidade líquida de financiamento",45145
"202103","(=) Capacidade / necessidade líquida de financiamento",-37411
"202104","(=) Capacidade / necessidade líquida de financiamento",-111145
"202201","(=) Capacidade / necessidade líquida de financiamento",-61010
"202202","(=) Capacidade / necessidade líquida de financiamento",3563
"202203","(=) Capacidade / necessidade líquida de financiamento",-86544
"202204","(=) Capacidade / necessidade líquida de financiamento",-84420
"202301","(=) Capacidade / necessidade líquida de financiamento",-47079
"202302","(=) Capacidade / necessidade líquida de financiamento",17304
"202303","(=) Capacidade / necessidade líquida de financiamento",-16914
"202304","(=) Capacidade / necessidade líquida de financiamento",-38972
"202401","(=) Capacidade / necessidade líquida de financiamento",-63814
"202402","(=) Capacidade / necessidade líquida de financiamento",-38426
"202403","(=) Capacidade / necessidade líquida de financiamento",-107395
"202404","(=) Capacidade / necessidade líquida de financiamento",-123872
"202501","(=) Capacidade / necessidade líquida de financiamento",-128946
"202502","(=) Capacidade / necessidade líquida de financiamento",-53096
"202503","(=) Capacidade / necessidade líquida de financiamento",-104751
"202504","(=) Capacidade / necessidade líquida de financiamento",-52325
"202601","(=) Capacidade / necessidade líquida de financiamento",-105980
"202602","(=) Capacidade / necessidade líquida de financiamento",-36346
